experiment_name,cell_id,model_family,primary_target,model_name,cycle,y_true_capacity,y_pred_capacity_raw,y_pred_capacity,y_true_soh,y_pred_soh,initial_capacity,train_end_cycle,horizon_index,y_pred_capacity_q10,y_pred_capacity_q50,y_pred_capacity_q90,y_pred_soh_q10,y_pred_soh_q50,y_pred_soh_q90
pre_eol_70_split,CS2_35,foundation_model,capacity_ah,TimesFM_2p5_200M,382,0.9853085369882031,0.9829630851745605,0.9829630851745605,0.8670269165192767,0.8649630250807196,1.1364220858837624,381,1,0.9765357,0.9829631,0.9879699,0.8593072,0.86496305,0.8693688
pre_eol_70_split,CS2_35,foundation_model,capacity_ah,TimesFM_2p5_200M,383,0.9876338304512693,0.9819072484970093,0.9819072484970093,0.8690730695217131,0.8640339365926777,1.1364220858837624,381,2,0.97329915,0.98190725,0.98749554,0.85645926,0.864034,0.86895144
pre_eol_70_split,CS2_35,foundation_model,capacity_ah,TimesFM_2p5_200M,384,0.9879773096271016,0.9817506074905396,0.9817506074905396,0.8693753156502414,0.8638960995967099,1.1364220858837624,381,3,0.9725017,0.9817506,0.98930806,0.85575753,0.86389613,0.87054634
pre_eol_70_split,CS2_35,foundation_model,capacity_ah,TimesFM_2p5_200M,385,0.9797263057369747,0.9811737537384033,0.9811737537384033,0.8621148056754547,0.8633884944037963,1.1364220858837624,381,4,0.97110885,0.98117375,0.9893563,0.8545319,0.86338854,0.8705888
pre_eol_70_split,CS2_35,foundation_model,capacity_ah,TimesFM_2p5_200M,386,0.9795257148043994,0.9814109206199646,0.9814109206199646,0.8619382947337307,0.8635971905251647,1.1364220858837624,381,5,0.9696624,0.9814109,0.99080545,0.8532591,0.8635972,0.87186396
pre_eol_70_split,CS2_35,foundation_model,capacity_ah,TimesFM_2p5_200M,387,0.9790448554746867,0.9811914563179016,0.9811914563179016,0.8615151602877482,0.8634040718725188,1.1364220858837624,381,6,0.96865165,0.98119146,0.9918254,0.85236967,0.8634041,0.8727615
pre_eol_70_split,CS2_35,foundation_model,capacity_ah,TimesFM_2p5_200M,388,0.9780910006083481,0.9809849858283997,0.9809849858283997,0.8606758111777766,0.8632223871868138,1.1364220858837624,381,7,0.9677655,0.980985,0.9922521,0.85158986,0.8632224,0.873137
pre_eol_70_split,CS2_35,foundation_model,capacity_ah,TimesFM_2p5_200M,389,0.976050458950148,0.9812440276145935,0.9812440276145935,0.8588802268754764,0.8634503322341792,1.1364220858837624,381,8,0.9673241,0.981244,0.9945648,0.8512014,0.86345035,0.875172
pre_eol_70_split,CS2_35,foundation_model,capacity_ah,TimesFM_2p5_200M,390,0.9825895795422994,0.9803526401519775,0.9803526401519775,0.864634357029561,0.8626659516121475,1.1364220858837624,381,9,0.9651978,0.98035264,0.99467146,0.8493304,0.862666,0.8752659
pre_eol_70_split,CS2_35,foundation_model,capacity_ah,TimesFM_2p5_200M,391,0.9840596919999207,0.9797827005386353,0.9797827005386353,0.8659279894535367,0.862164430548432,1.1364220858837624,381,10,0.96350807,0.9797827,0.9958338,0.8478435,0.86216444,0.8762887
pre_eol_70_split,CS2_35,foundation_model,capacity_ah,TimesFM_2p5_200M,392,0.9797724390620601,0.9798305630683899,0.9798305630683899,0.8621554009134904,0.862206547408311,1.1364220858837624,381,11,0.96269387,0.97983056,0.9964628,0.8471271,0.8622066,0.8768422
pre_eol_70_split,CS2_35,foundation_model,capacity_ah,TimesFM_2p5_200M,393,0.9753873828111779,0.9796118140220642,0.9796118140220642,0.8582967498846589,0.8620140581483408,1.1364220858837624,381,12,0.96161914,0.9796118,0.9978995,0.84618133,0.8620141,0.8781064
pre_eol_70_split,CS2_35,foundation_model,capacity_ah,TimesFM_2p5_200M,394,0.9763034070590422,0.9792829155921936,0.9792829155921936,0.8591028097626239,0.86172464241632,1.1364220858837624,381,13,0.96045536,0.9792829,0.9979496,0.84515727,0.8617247,0.8781505
pre_eol_70_split,CS2_35,foundation_model,capacity_ah,TimesFM_2p5_200M,395,0.9771753570536532,0.9789175391197205,0.9789175391197205,0.8598700862925701,0.861403127657841,1.1364220858837624,381,14,0.9598042,0.97891754,0.9991103,0.8445843,0.86140317,0.87917185
pre_eol_70_split,CS2_35,foundation_model,capacity_ah,TimesFM_2p5_200M,396,0.9788001524777563,0.9785357117652893,0.9785357117652893,0.861299832725947,0.861067136867822,1.1364220858837624,381,15,0.95862275,0.9785357,0.9990974,0.84354466,0.8610672,0.8791605
pre_eol_70_split,CS2_35,foundation_model,capacity_ah,TimesFM_2p5_200M,397,0.9796175102927833,0.9787260293960571,0.9787260293960571,0.8620190706087547,0.8612346077689351,1.1364220858837624,381,16,0.95839906,0.978726,0.9998157,0.84334785,0.86123466,0.87979263
pre_eol_70_split,CS2_35,foundation_model,capacity_ah,TimesFM_2p5_200M,398,0.9830974687388299,0.9787376523017883,0.9787376523017883,0.8650812765349448,0.8612448353999145,1.1364220858837624,381,17,0.9575352,0.97873765,1.000876,0.84258765,0.86124486,0.88072556
pre_eol_70_split,CS2_35,foundation_model,capacity_ah,TimesFM_2p5_200M,399,0.9837373623081618,0.9795119166374207,0.9795119166374207,0.8656443539137466,0.8619261529713079,1.1364220858837624,381,18,0.95830196,0.9795119,1.0013043,0.8432624,0.8619262,0.8811025
pre_eol_70_split,CS2_35,foundation_model,capacity_ah,TimesFM_2p5_200M,400,0.9839873415374356,0.9796655774116516,0.9796655774116516,0.8658643243212026,0.8620613674977939,1.1364220858837624,381,19,0.9574821,0.9796656,1.0027063,0.8425409,0.8620614,0.8823362
pre_eol_70_split,CS2_35,foundation_model,capacity_ah,TimesFM_2p5_200M,401,0.9841359170235933,0.9794633984565735,0.9794633984565735,0.8659950640243492,0.8618834591681429,1.1364220858837624,381,20,0.9570629,0.9794634,1.0032899,0.8421721,0.8618835,0.88284975
pre_eol_70_split,CS2_35,foundation_model,capacity_ah,TimesFM_2p5_200M,402,0.9841299189569739,0.9785081148147583,0.9785081148147583,0.8659897859972026,0.8610428528004197,1.1364220858837624,381,21,0.9565608,0.9785081,1.0025811,0.84173024,0.8610429,0.88222605
pre_eol_70_split,CS2_35,foundation_model,capacity_ah,TimesFM_2p5_200M,403,0.9851883016388285,0.9783875346183777,0.9783875346183777,0.8669211148537969,0.8609367476851827,1.1364220858837624,381,22,0.95582,0.97838753,1.0024883,0.8410784,0.86093676,0.88214433
pre_eol_70_split,CS2_35,foundation_model,capacity_ah,TimesFM_2p5_200M,404,0.9855350466553858,0.9782490134239197,0.9782490134239197,0.8672262347743479,0.8608148553036646,1.1364220858837624,381,23,0.95531964,0.978249,1.0026569,0.8406381,0.86081487,0.88229275
pre_eol_70_split,CS2_35,foundation_model,capacity_ah,TimesFM_2p5_200M,405,0.9856903266912695,0.9787092208862305,0.9787092208862305,0.8673628741777989,0.8612198170410572,1.1364220858837624,381,24,0.9554673,0.9787092,1.0039108,0.840768,0.8612199,0.8833961
pre_eol_70_split,CS2_35,foundation_model,capacity_ah,TimesFM_2p5_200M,406,0.9856877492146197,0.9789585471153259,0.9789585471153259,0.8673606061150061,0.8614392128379117,1.1364220858837624,381,25,0.9556909,0.97895855,1.0049121,0.8409648,0.8614392,0.8842772
pre_eol_70_split,CS2_35,foundation_model,capacity_ah,TimesFM_2p5_200M,407,0.9856803390142375,0.9788745641708374,0.9788745641708374,0.8673540854740627,0.8613653116479122,1.1364220858837624,381,26,0.95395505,0.97887456,1.0051353,0.8394373,0.8613653,0.8844736
pre_eol_70_split,CS2_35,foundation_model,capacity_ah,TimesFM_2p5_200M,408,0.9853698945649967,0.9792385101318359,0.9792385101318359,0.8670809084097509,0.8616855676210399,1.1364220858837624,381,27,0.9552315,0.9792385,1.0061493,0.8405605,0.86168563,0.8853659
pre_eol_70_split,CS2_35,foundation_model,capacity_ah,TimesFM_2p5_200M,409,0.9854542185801662,0.9790936708450317,0.9790936708450317,0.8671551097265126,0.8615581156042204,1.1364220858837624,381,28,0.95430386,0.9790937,1.0064625,0.8397442,0.86155814,0.88564146
pre_eol_70_split,CS2_35,foundation_model,capacity_ah,TimesFM_2p5_200M,410,0.985297622303797,0.979231595993042,0.979231595993042,0.8670173120910086,0.861679483491842,1.1364220858837624,381,29,0.9544077,0.9792316,1.0073733,0.8398356,0.8616795,0.88644296
pre_eol_70_split,CS2_35,foundation_model,capacity_ah,TimesFM_2p5_200M,411,0.9853335546291078,0.9791640639305115,0.9791640639305115,0.8670489309109498,0.8616200583333824,1.1364220858837624,381,30,0.95330113,0.97916406,1.0079017,0.8388619,0.86162007,0.8869079
pre_eol_70_split,CS2_35,foundation_model,capacity_ah,TimesFM_2p5_200M,412,0.9853377683630882,0.9797413349151611,0.9797413349151611,0.8670526388061348,0.8621280306720235,1.1364220858837624,381,31,0.9546338,0.97974133,1.0092415,0.84003454,0.8621281,0.88808686
pre_eol_70_split,CS2_35,foundation_model,capacity_ah,TimesFM_2p5_200M,413,0.9852932157733463,0.9794212579727173,0.9794212579727173,0.8670134345436559,0.8618463774496691,1.1364220858837624,381,32,0.9538617,0.97942126,1.0088632,0.8393552,0.8618464,0.887754
pre_eol_70_split,CS2_35,foundation_model,capacity_ah,TimesFM_2p5_200M,414,0.985001545746897,0.980351984500885,0.980351984500885,0.8667567781216519,0.8626653746688615,1.1364220858837624,381,33,0.95588875,0.980352,1.0102731,0.84113884,0.8626654,0.88899463
pre_eol_70_split,CS2_35,foundation_model,capacity_ah,TimesFM_2p5_200M,415,0.9773805009610612,0.9798730611801147,0.9798730611801147,0.8600506036460748,0.8622439438231227,1.1364220858837624,381,34,0.9546568,0.97987306,1.0102051,0.8400548,0.86224395,0.88893485
pre_eol_70_split,CS2_35,foundation_model,capacity_ah,TimesFM_2p5_200M,416,0.995719875020912,0.9798963665962219,0.9798963665962219,0.8761884227606942,0.8622644515344711,1.1364220858837624,381,35,0.9548596,0.97989637,1.0106795,0.84023327,0.8622645,0.88935226
pre_eol_70_split,CS2_35,foundation_model,capacity_ah,TimesFM_2p5_200M,417,0.993555581536314,0.9802207350730896,0.9802207350730896,0.8742839424522929,0.8625498811128793,1.1364220858837624,381,36,0.9548404,0.98022074,1.0111879,0.8402164,0.8625499,0.88979965
pre_eol_70_split,CS2_35,foundation_model,capacity_ah,TimesFM_2p5_200M,418,0.994893575792434,0.9809619188308716,0.9809619188308716,0.8754613168387467,0.863202089273024,1.1364220858837624,381,37,0.9557604,0.9809619,1.0128136,0.84102595,0.86320215,0.89123017
pre_eol_70_split,CS2_35,foundation_model,capacity_ah,TimesFM_2p5_200M,419,1.001265742844724,0.9812984466552734,0.9812984466552734,0.8810685354342342,0.8634982185269183,1.1364220858837624,381,38,0.95588964,0.98129845,1.0129038,0.8411397,0.8634983,0.89130956
pre_eol_70_split,CS2_35,foundation_model,capacity_ah,TimesFM_2p5_200M,420,1.00263829677192,0.9814763069152832,0.9814763069152832,0.8822763207670303,0.8636547275055972,1.1364220858837624,381,39,0.955965,0.9814763,1.0136393,0.84120595,0.8636548,0.89195675
pre_eol_70_split,CS2_35,foundation_model,capacity_ah,TimesFM_2p5_200M,421,0.9948594436312188,0.9822755455970764,0.9822755455970764,0.8754312820817325,0.864358021371249,1.1364220858837624,381,40,0.95720506,0.98227555,1.0144835,0.84229714,0.86435807,0.89269954
pre_eol_70_split,CS2_35,foundation_model,capacity_ah,TimesFM_2p5_200M,422,0.9934414749163851,0.9822877645492554,0.9822877645492554,0.8741835337913331,0.8643687734961247,1.1364220858837624,381,41,0.95735747,0.98228776,1.0151532,0.84243125,0.8643688,0.89328885
pre_eol_70_split,CS2_35,foundation_model,capacity_ah,TimesFM_2p5_200M,423,0.9939879712280604,0.9825829863548279,0.9825829863548279,0.8746644258106484,0.8646285553230002,1.1364220858837624,381,42,0.95737296,0.982583,1.0156322,0.8424449,0.8646286,0.8937104
pre_eol_70_split,CS2_35,foundation_model,capacity_ah,TimesFM_2p5_200M,424,0.993445939253542,0.9833552241325378,0.9833552241325378,0.8741874622059708,0.865308089615146,1.1364220858837624,381,43,0.9576031,0.9833552,1.0163903,0.84264743,0.8653081,0.8943775
pre_eol_70_split,CS2_35,foundation_model,capacity_ah,TimesFM_2p5_200M,425,0.9913147160524218,0.9835985898971558,0.9835985898971558,0.8723120822502365,0.8655222404730367,1.1364220858837624,381,44,0.9583615,0.9835986,1.0166912,0.84331477,0.86552227,0.8946423
pre_eol_70_split,CS2_35,foundation_model,capacity_ah,TimesFM_2p5_200M,426,0.9976250852090605,0.9832492470741272,0.9832492470741272,0.8778649214945841,0.8652148346003702,1.1364220858837624,381,45,0.95729446,0.98324925,1.0164039,0.8423758,0.8652149,0.89438945
pre_eol_70_split,CS2_35,foundation_model,capacity_ah,TimesFM_2p5_200M,427,0.998701919449891,0.9829487204551697,0.9829487204551697,0.8788124868879414,0.864950384777817,1.1364220858837624,381,46,0.957903,0.9829487,1.0170946,0.84291136,0.8649504,0.89499724
pre_eol_70_split,CS2_35,foundation_model,capacity_ah,TimesFM_2p5_200M,428,0.9955553099302765,0.9839121103286743,0.9839121103286743,0.8760436129293124,0.865798124262531,1.1364220858837624,381,47,0.95807934,0.9839121,1.0183985,0.8430665,0.8657982,0.8961446
pre_eol_70_split,CS2_35,foundation_model,capacity_ah,TimesFM_2p5_200M,429,0.9881069541713803,0.9836816787719727,0.9836816787719727,0.8694893969813674,0.8655953549221916,1.1364220858837624,381,48,0.95778316,0.9836817,1.0189724,0.84280586,0.8655954,0.8966496
pre_eol_70_split,CS2_35,foundation_model,capacity_ah,TimesFM_2p5_200M,430,0.9889495882195654,0.9839768409729004,0.9839768409729004,0.8702308768053272,0.8658550842996775,1.1364220858837624,381,49,0.9574333,0.98397684,1.0188837,0.842498,0.8658551,0.8965716
pre_eol_70_split,CS2_35,foundation_model,capacity_ah,TimesFM_2p5_200M,431,0.988816821569559,0.9838289022445679,0.9838289022445679,0.8701140481624703,0.8657249049145967,1.1364220858837624,381,50,0.95744044,0.9838289,1.0198854,0.84250426,0.8657249,0.89745307
pre_eol_70_split,CS2_35,foundation_model,capacity_ah,TimesFM_2p5_200M,432,0.9809571841742688,0.9832904934883118,0.9832904934883118,0.8631979229895087,0.8652511295779995,1.1364220858837624,381,51,0.9564604,0.9832905,1.0198615,0.8416419,0.8652512,0.89743197
pre_eol_70_split,CS2_35,foundation_model,capacity_ah,TimesFM_2p5_200M,433,0.9816788972713013,0.9829071760177612,0.9829071760177612,0.863832997849455,0.8649138275532395,1.1364220858837624,381,52,0.9560572,0.9829072,1.0196242,0.8412871,0.8649139,0.89722323
pre_eol_70_split,CS2_35,foundation_model,capacity_ah,TimesFM_2p5_200M,434,0.9892655330718618,0.9820767045021057,0.9820767045021057,0.8705088939753743,0.8641830502074177,1.1364220858837624,381,53,0.9541344,0.9820767,1.0203788,0.83959514,0.86418307,0.89788723
pre_eol_70_split,CS2_35,foundation_model,capacity_ah,TimesFM_2p5_200M,435,0.9903264740977349,0.9819512963294983,0.9819512963294983,0.8714424740589117,0.86407269669162,1.1364220858837624,381,54,0.9547434,0.9819513,1.0199847,0.840131,0.86407274,0.89754045
pre_eol_70_split,CS2_35,foundation_model,capacity_ah,TimesFM_2p5_200M,436,0.9792207921052558,0.981800377368927,0.981800377368927,0.8616699765595847,0.8639398948370574,1.1364220858837624,381,55,0.95440966,0.9818004,1.0202894,0.8398373,0.86393994,0.89780855
pre_eol_70_split,CS2_35,foundation_model,capacity_ah,TimesFM_2p5_200M,437,0.9732387985909519,0.9813907742500305,0.9813907742500305,0.8564060930178882,0.8635794626314671,1.1364220858837624,381,56,0.9543996,0.9813908,1.0197575,0.8398285,0.8635795,0.8973405
pre_eol_70_split,CS2_35,foundation_model,capacity_ah,TimesFM_2p5_200M,438,0.9720977593639226,0.981105625629425,0.981105625629425,0.8554020301426565,0.8633285447514405,1.1364220858837624,381,57,0.9542609,0.9811056,1.0208383,0.8397064,0.8633286,0.8982915
pre_eol_70_split,CS2_35,foundation_model,capacity_ah,TimesFM_2p5_200M,439,0.9700858311534226,0.9810008406639099,0.9810008406639099,0.8536316243792597,0.8632363387244574,1.1364220858837624,381,58,0.9534638,0.98100084,1.0211987,0.839005,0.86323637,0.89860874
pre_eol_70_split,CS2_35,foundation_model,capacity_ah,TimesFM_2p5_200M,440,0.9681595295032572,0.9808370471000671,0.9808370471000671,0.8519365661134153,0.863092207801733,1.1364220858837624,381,59,0.95301133,0.98083705,1.0216047,0.8386069,0.86309224,0.8989659
pre_eol_70_split,CS2_35,foundation_model,capacity_ah,TimesFM_2p5_200M,441,0.9788781701672882,0.9804757237434387,0.9804757237434387,0.8613684847615779,0.8627742596017494,1.1364220858837624,381,60,0.95190686,0.9804757,1.0216397,0.837635,0.8627743,0.8989967
pre_eol_70_split,CS2_35,foundation_model,capacity_ah,TimesFM_2p5_200M,442,0.9813787075150309,0.9811779856681824,0.9811779856681824,0.8635688444508197,0.8633922183104606,1.1364220858837624,381,61,0.9525004,0.981178,1.0227903,0.8381573,0.86339223,0.9000092
pre_eol_70_split,CS2_35,foundation_model,capacity_ah,TimesFM_2p5_200M,443,0.9823075093479225,0.9807267785072327,0.9807267785072327,0.8643861480252829,0.8629951764309033,1.1364220858837624,381,62,0.9512441,0.9807268,1.022243,0.8370518,0.8629952,0.8995276
pre_eol_70_split,CS2_35,foundation_model,capacity_ah,TimesFM_2p5_200M,444,0.8611774910333061,0.9802740216255188,0.9802740216255188,0.7577972143718005,0.8625967708672154,1.1364220858837624,381,63,0.9513699,0.980274,1.0236301,0.8371625,0.8625968,0.90074825
pre_eol_70_split,CS2_35,foundation_model,capacity_ah,TimesFM_2p5_200M,445,0.9824913092926337,0.980648934841156,0.980648934841156,0.864547883657663,0.8629266775280365,1.1364220858837624,381,64,0.95156217,0.98064893,1.0247903,0.83733165,0.8629267,0.9017691
pre_eol_70_split,CS2_35,foundation_model,capacity_ah,TimesFM_2p5_200M,446,0.9831632980012408,0.9810139536857605,0.9810139536857605,0.8651392033063695,0.8632478775901777,1.1364220858837624,381,65,0.95054936,0.98101395,1.0251789,0.83644044,0.86324793,0.90211105
pre_eol_70_split,CS2_35,foundation_model,capacity_ah,TimesFM_2p5_200M,447,0.9836859313429329,0.9808754324913025,0.9808754324913025,0.8655990969921612,0.8631259852086597,1.1364220858837624,381,66,0.95015585,0.98087543,1.0259866,0.8360942,0.86312604,0.9028218
pre_eol_70_split,CS2_35,foundation_model,capacity_ah,TimesFM_2p5_200M,448,0.983707631528226,0.9805192351341248,0.9805192351341248,0.8656181921730475,0.8628125476561849,1.1364220858837624,381,67,0.9498744,0.98051924,1.0260842,0.83584654,0.8628126,0.90290767
pre_eol_70_split,CS2_35,foundation_model,capacity_ah,TimesFM_2p5_200M,449,0.9832480213267871,0.9812389612197876,0.9812389612197876,0.8652137559981895,0.86344587403606,1.1364220858837624,381,68,0.9500859,0.98123896,1.0276237,0.8360326,0.86344594,0.90426236
pre_eol_70_split,CS2_35,foundation_model,capacity_ah,TimesFM_2p5_200M,450,0.9817405131429382,0.980838418006897,0.980838418006897,0.8638872170277008,0.8630934141376947,1.1364220858837624,381,69,0.9495875,0.9808384,1.0275435,0.83559406,0.86309344,0.90419185
pre_eol_70_split,CS2_35,foundation_model,capacity_ah,TimesFM_2p5_200M,451,0.9811430019380722,0.9812466502189636,0.9812466502189636,0.8633614342113616,0.8634526400073232,1.1364220858837624,381,70,0.9497906,0.98124665,1.0283144,0.83577275,0.8634527,0.90487015
pre_eol_70_split,CS2_35,foundation_model,capacity_ah,TimesFM_2p5_200M,452,0.9805609324642006,0.9815015196800232,0.9815015196800232,0.8628492394193896,0.8636769135974139,1.1364220858837624,381,71,0.94929457,0.9815015,1.0285019,0.83533627,0.86367697,0.90503514
pre_eol_70_split,CS2_35,foundation_model,capacity_ah,TimesFM_2p5_200M,453,0.9799591251500388,0.981838047504425,0.981838047504425,0.8623196762213162,0.8639730428513084,1.1364220858837624,381,72,0.9494356,0.98183805,1.0292214,0.83546036,0.8639731,0.9056683
pre_eol_70_split,CS2_35,foundation_model,capacity_ah,TimesFM_2p5_200M,454,0.9798144649805849,0.9821658134460449,0.9821658134460449,0.8621923818196578,0.864261462044926,1.1364220858837624,381,73,0.9489231,0.9821658,1.0295559,0.8350094,0.8642615,0.90596265
pre_eol_70_split,CS2_35,foundation_model,capacity_ah,TimesFM_2p5_200M,455,0.9795503114636119,0.9820365309715271,0.9820365309715271,0.8619599386805689,0.8641476993188019,1.1364220858837624,381,74,0.9493629,0.98203653,1.0296781,0.8353964,0.8641477,0.9060702
pre_eol_70_split,CS2_35,foundation_model,capacity_ah,TimesFM_2p5_200M,456,0.9792325874814765,0.981571614742279,0.981571614742279,0.8616803559567885,0.8637385940796279,1.1364220858837624,381,75,0.94947636,0.9815716,1.0297816,0.83549625,0.86373866,0.90616125
pre_eol_70_split,CS2_35,foundation_model,capacity_ah,TimesFM_2p5_200M,457,0.9788148413941968,0.9812717437744141,0.9812717437744141,0.8613127583075799,0.8634747212003607,1.1364220858837624,381,76,0.9493446,0.98127174,1.0290161,0.8353803,0.8634748,0.90548766
pre_eol_70_split,CS2_35,foundation_model,capacity_ah,TimesFM_2p5_200M,458,0.978454502141382,0.9813950061798096,0.9813950061798096,0.8609956760744106,0.8635831865381314,1.1364220858837624,381,77,0.94931346,0.981395,1.0298897,0.8353529,0.8635832,0.9062564
pre_eol_70_split,CS2_35,foundation_model,capacity_ah,TimesFM_2p5_200M,459,0.9607773034528435,0.9813877940177917,0.9813877940177917,0.8454405413158395,0.8635768401619852,1.1364220858837624,381,78,0.94855994,0.9813878,1.0305672,0.83468986,0.8635769,0.9068525
pre_eol_70_split,CS2_35,foundation_model,capacity_ah,TimesFM_2p5_200M,460,0.9587713482601572,0.9820623993873596,0.9820623993873596,0.8436753915377742,0.8641704623539046,1.1364220858837624,381,79,0.9502812,0.9820624,1.0308859,0.83620447,0.8641705,0.907133
pre_eol_70_split,CS2_35,foundation_model,capacity_ah,TimesFM_2p5_200M,461,0.952311715574929,0.9819334149360657,0.9819334149360657,0.8379912071440814,0.8640569618747287,1.1364220858837624,381,80,0.95004183,0.9819334,1.030546,0.8359938,0.864057,0.9068338
pre_eol_70_split,CS2_35,foundation_model,capacity_ah,TimesFM_2p5_200M,462,0.9513458804739159,0.9819979071617126,0.9819979071617126,0.8371413159698334,0.8641137121143166,1.1364220858837624,381,81,0.95053536,0.9819979,1.0312185,0.8364281,0.86411375,0.90742564
pre_eol_70_split,CS2_35,foundation_model,capacity_ah,TimesFM_2p5_200M,463,0.948735987195704,0.9823792576789856,0.9823792576789856,0.8348447280113354,0.8644492833092186,1.1364220858837624,381,82,0.9505472,0.98237926,1.031975,0.83643854,0.8644493,0.90809137
pre_eol_70_split,CS2_35,foundation_model,capacity_ah,TimesFM_2p5_200M,464,0.9633420200021447,0.9822490811347961,0.9822490811347961,0.8476973757976393,0.8643347338422498,1.1364220858837624,381,83,0.9505449,0.9822491,1.0323985,0.8364365,0.86433476,0.90846395
pre_eol_70_split,CS2_35,foundation_model,capacity_ah,TimesFM_2p5_200M,465,0.9660969305473444,0.9822831749916077,0.9822831749916077,0.8501215723874628,0.8643647348931226,1.1364220858837624,381,84,0.95038664,0.9822832,1.0324724,0.8362973,0.86436474,0.908529
pre_eol_70_split,CS2_35,foundation_model,capacity_ah,TimesFM_2p5_200M,466,0.959268694580761,0.982955813407898,0.982955813407898,0.8441130337895234,0.8649566262551839,1.1364220858837624,381,85,0.9508608,0.9829558,1.0338982,0.8367145,0.8649567,0.90978366
pre_eol_70_split,CS2_35,foundation_model,capacity_ah,TimesFM_2p5_200M,467,0.9560470139663729,0.98313307762146,0.98313307762146,0.841278100665285,0.8651126107399664,1.1364220858837624,381,86,0.95098805,0.9831331,1.0340949,0.8368265,0.86511266,0.90995675
pre_eol_70_split,CS2_35,foundation_model,capacity_ah,TimesFM_2p5_200M,468,0.9608633070281409,0.9831680655479431,0.9831680655479431,0.8455162205694952,0.8651433985316838,1.1364220858837624,381,87,0.9506409,0.98316807,1.0343708,0.836521,0.8651434,0.9101995
pre_eol_70_split,CS2_35,foundation_model,capacity_ah,TimesFM_2p5_200M,469,0.9663064844315432,0.9833198189735413,0.9833198189735413,0.8503059703209436,0.8652769346777013,1.1364220858837624,381,88,0.9511145,0.9833198,1.0357586,0.8369377,0.865277,0.91142076
pre_eol_70_split,CS2_35,foundation_model,capacity_ah,TimesFM_2p5_200M,470,0.9669751427153166,0.9835954308509827,0.9835954308509827,0.8508943593465347,0.8655194606553859,1.1364220858837624,381,89,0.95100075,0.98359543,1.035181,0.83683765,0.8655195,0.9109125
pre_eol_70_split,CS2_35,foundation_model,capacity_ah,TimesFM_2p5_200M,471,0.9526530915023637,0.9838297367095947,0.9838297367095947,0.8382916025092148,0.8657256392060517,1.1364220858837624,381,90,0.9508949,0.98382974,1.0351657,0.8367445,0.8657257,0.910899
pre_eol_70_split,CS2_35,foundation_model,capacity_ah,TimesFM_2p5_200M,472,0.9475278837165426,0.9843701124191284,0.9843701124191284,0.8337816516296211,0.8662011453725069,1.1364220858837624,381,91,0.95221025,0.9843701,1.0356251,0.83790195,0.86620116,0.9113033
pre_eol_70_split,CS2_35,foundation_model,capacity_ah,TimesFM_2p5_200M,473,0.9457341980978322,0.9853222370147705,0.9853222370147705,0.8322032894691256,0.8670389719225794,1.1364220858837624,381,92,0.95238656,0.98532224,1.0367622,0.8380571,0.867039,0.91230386
pre_eol_70_split,CS2_35,foundation_model,capacity_ah,TimesFM_2p5_200M,475,0.945439167610476,0.9849876165390015,0.9849876165390015,0.8319436759936212,0.8667445210491533,1.1364220858837624,381,93,0.95262855,0.9849876,1.0366291,0.83827007,0.8667446,0.9121867
pre_eol_70_split,CS2_35,foundation_model,capacity_ah,TimesFM_2p5_200M,476,0.9393260881307249,0.9855925440788269,0.9855925440788269,0.8265644427354105,0.8672768299045863,1.1364220858837624,381,94,0.9535286,0.98559254,1.0373563,0.83906204,0.86727685,0.9128266
pre_eol_70_split,CS2_35,foundation_model,capacity_ah,TimesFM_2p5_200M,477,0.942018913329528,0.9863393902778625,0.9863393902778625,0.8289340070304488,0.8679340207567465,1.1364220858837624,381,95,0.9533466,0.9863394,1.038223,0.8389019,0.86793405,0.9135893
pre_eol_70_split,CS2_35,foundation_model,capacity_ah,TimesFM_2p5_200M,478,0.9478591269209189,0.9865282773971558,0.9865282773971558,0.8340731306570801,0.8681002328725084,1.1364220858837624,381,96,0.9535917,0.9865283,1.0396502,0.8391176,0.8681003,0.91484517
pre_eol_70_split,CS2_35,foundation_model,capacity_ah,TimesFM_2p5_200M,479,0.9557047065306752,0.986425518989563,0.986425518989563,0.840976885615041,0.868009810124773,1.1364220858837624,381,97,0.9535009,0.9864255,1.0389345,0.8390377,0.86800987,0.9142153
pre_eol_70_split,CS2_35,foundation_model,capacity_ah,TimesFM_2p5_200M,480,0.9580373695284496,0.985894501209259,0.985894501209259,0.8430295234744685,0.8675425385124907,1.1364220858837624,381,98,0.95307463,0.9858945,1.0386994,0.83866256,0.86754256,0.9140085
pre_eol_70_split,CS2_35,foundation_model,capacity_ah,TimesFM_2p5_200M,481,0.9470525060843586,0.986333966255188,0.986333966255188,0.833363340829357,0.8679292478622894,1.1364220858837624,381,99,0.95269936,0.98633397,1.0392077,0.83833236,0.8679293,0.9144558
pre_eol_70_split,CS2_35,foundation_model,capacity_ah,TimesFM_2p5_200M,482,0.9442808824367637,0.986208975315094,0.986208975315094,0.8309244374658769,0.8678192614922192,1.1364220858837624,381,100,0.95281225,0.986209,1.0392494,0.8384317,0.8678193,0.9144925
pre_eol_70_split,CS2_35,foundation_model,capacity_ah,TimesFM_2p5_200M,483,0.9439518387706247,0.9861352443695068,0.9861352443695068,0.8306348939325136,0.8677543815972374,1.1364220858837624,381,101,0.9519566,0.98613524,1.0396929,0.8376788,0.8677544,0.9148827
pre_eol_70_split,CS2_35,foundation_model,capacity_ah,TimesFM_2p5_200M,484,0.9416596634551784,0.9853605031967163,0.9853605031967163,0.8286178834010227,0.8670726444307267,1.1364220858837624,381,102,0.9511033,0.9853605,1.0391293,0.8369279,0.8670727,0.91438675
pre_eol_70_split,CS2_35,foundation_model,capacity_ah,TimesFM_2p5_200M,485,0.9402955114801426,0.9855643510818481,0.9855643510818481,0.8274174914058469,0.8672520213432876,1.1364220858837624,381,103,0.9519689,0.98556435,1.0391577,0.8376896,0.86725205,0.91441184
pre_eol_70_split,CS2_35,foundation_model,capacity_ah,TimesFM_2p5_200M,486,0.949578448237963,0.9850348234176636,0.9850348234176636,0.8355860555979107,0.8667860609657464,1.1364220858837624,381,104,0.9506249,0.9850348,1.0388596,0.8365069,0.8667861,0.91414946
pre_eol_70_split,CS2_35,foundation_model,capacity_ah,TimesFM_2p5_200M,487,0.952855528682381,0.9846787452697754,0.9846787452697754,0.8384697380651248,0.8664727283120509,1.1364220858837624,381,105,0.9514776,0.98467875,1.0397173,0.83725727,0.8664728,0.91490424
pre_eol_70_split,CS2_35,foundation_model,capacity_ah,TimesFM_2p5_200M,488,0.950774452142479,0.9845500588417053,0.9845500588417053,0.8366384849015754,0.8663594900798232,1.1364220858837624,381,106,0.9505273,0.98455006,1.039707,0.8364211,0.86635953,0.9148951
pre_eol_70_split,CS2_35,foundation_model,capacity_ah,TimesFM_2p5_200M,489,0.9399280358044688,0.9848044514656067,0.9848044514656067,0.8270941294435633,0.8665833440747968,1.1364220858837624,381,107,0.9500498,0.98480445,1.0409572,0.83600086,0.8665834,0.9159953
pre_eol_70_split,CS2_35,foundation_model,capacity_ah,TimesFM_2p5_200M,490,0.9395637773489831,0.9841796159744263,0.9841796159744263,0.8267735984894308,0.8660335171232248,1.1364220858837624,381,108,0.949325,0.9841796,1.0413138,0.8353631,0.86603355,0.916309
pre_eol_70_split,CS2_35,foundation_model,capacity_ah,TimesFM_2p5_200M,491,0.9367915541648237,0.9842600226402283,0.9842600226402283,0.8243341675609096,0.8661042713498461,1.1364220858837624,381,109,0.9490826,0.98426,1.0404167,0.83514977,0.8661043,0.91551965
pre_eol_70_split,CS2_35,foundation_model,capacity_ah,TimesFM_2p5_200M,492,0.9354542956175642,0.9838529229164124,0.9838529229164124,0.823157440564954,0.8657460420186207,1.1364220858837624,381,110,0.9480817,0.9838529,1.0401832,0.834269,0.8657461,0.91531414
pre_eol_70_split,CS2_35,foundation_model,capacity_ah,TimesFM_2p5_200M,493,0.935087407046943,0.9835630655288696,0.9835630655288696,0.8228345952285437,0.8654909806368126,1.1364220858837624,381,111,0.948486,0.98356307,1.0409646,0.83462477,0.86549103,0.9160018
pre_eol_70_split,CS2_35,foundation_model,capacity_ah,TimesFM_2p5_200M,494,0.9445379023197233,0.9834760427474976,0.9834760427474976,0.8311506033299095,0.8654144045279416,1.1364220858837624,381,112,0.94819665,0.98347604,1.0412885,0.8343702,0.86541444,0.91628677
pre_eol_70_split,CS2_35,foundation_model,capacity_ah,TimesFM_2p5_200M,495,0.9463217466764711,0.9839803576469421,0.9839803576469421,0.8327203056253031,0.8658581788136661,1.1364220858837624,381,113,0.94870496,0.98398036,1.04112,0.83481747,0.8658582,0.9161386
pre_eol_70_split,CS2_35,foundation_model,capacity_ah,TimesFM_2p5_200M,496,0.9361171551329761,0.9848794341087341,0.9848794341087341,0.823740726936845,0.8666493254069609,1.1364220858837624,381,114,0.94949186,0.98487943,1.0422738,0.8355099,0.8666494,0.9171538
pre_eol_70_split,CS2_35,foundation_model,capacity_ah,TimesFM_2p5_200M,497,0.9338518794533641,0.9851453900337219,0.9851453900337219,0.8217473868673845,0.8668833545835244,1.1364220858837624,381,115,0.9498935,0.9851454,1.0425484,0.8358633,0.8668834,0.9173955
pre_eol_70_split,CS2_35,foundation_model,capacity_ah,TimesFM_2p5_200M,498,0.935295133580496,0.9856913685798645,0.9856913685798645,0.8230173851761639,0.8673637909926055,1.1364220858837624,381,116,0.9498887,0.98569137,1.0422685,0.8358591,0.8673638,0.9171492
pre_eol_70_split,CS2_35,foundation_model,capacity_ah,TimesFM_2p5_200M,499,0.9344180557142039,0.9854390025138855,0.9854390025138855,0.8222455963512308,0.8671417202768796,1.1364220858837624,381,117,0.9499326,0.985439,1.0427022,0.8358977,0.8671418,0.9175308
pre_eol_70_split,CS2_35,foundation_model,capacity_ah,TimesFM_2p5_200M,500,0.9337472459005305,0.9854093790054321,0.9854093790054321,0.8216553140767081,0.8671156529302296,1.1364220858837624,381,118,0.9501406,0.9854094,1.0425909,0.83608073,0.8671157,0.9174328
pre_eol_70_split,CS2_35,foundation_model,capacity_ah,TimesFM_2p5_200M,501,0.9389969176361674,0.9854605793952942,0.9854605793952942,0.8262747875987793,0.8671607069559284,1.1364220858837624,381,119,0.9494859,0.9854606,1.0426157,0.83550465,0.86716074,0.9174546
pre_eol_70_split,CS2_35,foundation_model,capacity_ah,TimesFM_2p5_200M,502,0.9425448297210224,0.9852278828620911,0.9852278828620911,0.8293967896514725,0.8669559445387829,1.1364220858837624,381,120,0.94895214,0.9852279,1.0427046,0.83503497,0.866956,0.91753286
pre_eol_70_split,CS2_35,foundation_model,capacity_ah,TimesFM_2p5_200M,503,0.9433652131212931,0.985431969165802,0.985431969165802,0.8301186899123536,0.8671355312489023,1.1364220858837624,381,121,0.9489913,0.98543197,1.0421281,0.8350694,0.8671356,0.91702557
pre_eol_70_split,CS2_35,foundation_model,capacity_ah,TimesFM_2p5_200M,504,0.9321229994863209,0.9853591918945312,0.9853591918945312,0.8202260507471887,0.8670714905441548,1.1364220858837624,381,122,0.94841707,0.9853592,1.0427275,0.83456415,0.8670715,0.917553
pre_eol_70_split,CS2_35,foundation_model,capacity_ah,TimesFM_2p5_200M,505,0.9316412983446511,0.9852110743522644,0.9852110743522644,0.8198021755447852,0.8669411538109051,1.1364220858837624,381,123,0.9490234,0.9852111,1.04303,0.8350977,0.8669412,0.91781926
pre_eol_70_split,CS2_35,foundation_model,capacity_ah,TimesFM_2p5_200M,506,0.9315777807017014,0.9855497479438782,0.9855497479438782,0.8197462828938602,0.8672391712428265,1.1364220858837624,381,124,0.9487766,0.98554975,1.0432702,0.83488053,0.86723924,0.9180306
pre_eol_70_split,CS2_35,foundation_model,capacity_ah,TimesFM_2p5_200M,507,0.9308462372590078,0.985418975353241,0.985418975353241,0.8191025577746633,0.8671240972819613,1.1364220858837624,381,125,0.9483256,0.985419,1.0432158,0.8344836,0.86712414,0.9179827
pre_eol_70_split,CS2_35,foundation_model,capacity_ah,TimesFM_2p5_200M,508,0.9282780969667286,0.9852209091186523,0.9852209091186523,0.8168427105540049,0.8669498079601953,1.1364220858837624,381,126,0.94825256,0.9852209,1.0431111,0.83441937,0.86694986,0.9178906
pre_eol_70_split,CS2_35,foundation_model,capacity_ah,TimesFM_2p5_200M,509,0.9368297123074854,0.9857980012893677,0.9857980012893677,0.8243677449993768,0.8674576229506674,1.1364220858837624,381,127,0.94894695,0.985798,1.0439975,0.8350304,0.8674577,0.9186706
pre_eol_70_split,CS2_35,foundation_model,capacity_ah,TimesFM_2p5_200M,510,0.9382740287697331,0.9860545992851257,0.9860545992851257,0.8256386781149758,0.8676834175730577,1.1364220858837624,381,128,0.94928104,0.9860546,1.0440345,0.8353244,0.8676835,0.91870314
pre_eol_70_split,CS2_35,foundation_model,capacity_ah,TimesFM_2p5_200M,511,0.9387620195049848,0.985712468624115,0.985712468624115,0.8260680878750583,0.8673823580765373,1.1364220858837624,381,129,0.9496494,0.98571247,1.0442007,0.83564854,0.8673824,0.91884935
pre_eol_70_split,CS2_35,foundation_model,capacity_ah,TimesFM_2p5_200M,512,0.93870608393091,0.9855588674545288,0.9855588674545288,0.8260188671015714,0.867247195999441,1.1364220858837624,381,130,0.94891316,0.98555887,1.043576,0.8350007,0.8672472,0.9182997
pre_eol_70_split,CS2_35,foundation_model,capacity_ah,TimesFM_2p5_200M,513,0.9386047535749853,0.9856534004211426,0.9856534004211426,0.8259297009746689,0.8673303807314063,1.1364220858837624,381,131,0.95017695,0.9856534,1.0443249,0.83611274,0.86733043,0.91895866
pre_eol_70_split,CS2_35,foundation_model,capacity_ah,TimesFM_2p5_200M,514,0.938424969942723,0.9853642582893372,0.9853642582893372,0.8257714995154615,0.8670759487422739,1.1364220858837624,381,132,0.94871855,0.98536426,1.0429949,0.8348294,0.867076,0.9177883
pre_eol_70_split,CS2_35,foundation_model,capacity_ah,TimesFM_2p5_200M,515,0.9382935966874868,0.9854398965835571,0.9854398965835571,0.825655896996936,0.8671425070177241,1.1364220858837624,381,133,0.9492565,0.9854399,1.0437096,0.83530277,0.86714256,0.9184173
pre_eol_70_split,CS2_35,foundation_model,capacity_ah,TimesFM_2p5_200M,516,0.8094836161050054,0.9852936267852783,0.9852936267852783,0.7123089441503537,0.8670137962155533,1.1364220858837624,381,134,0.9493707,0.9852936,1.0434563,0.83540326,0.8670138,0.91819435
pre_eol_70_split,CS2_35,foundation_model,capacity_ah,TimesFM_2p5_200M,517,0.9377656642369345,0.9849515557289124,0.9849515557289124,0.8251913403351903,0.8667127891684225,1.1364220858837624,381,135,0.9488751,0.98495156,1.0422492,0.8349672,0.8667128,0.91713214
pre_eol_70_split,CS2_35,foundation_model,capacity_ah,TimesFM_2p5_200M,518,0.9378904750347417,0.9849674105644226,0.9849674105644226,0.8253011681882014,0.8667267407060663,1.1364220858837624,381,136,0.94898456,0.9849674,1.0423589,0.8350635,0.86672676,0.9172287
pre_eol_70_split,CS2_35,foundation_model,capacity_ah,TimesFM_2p5_200M,519,0.8091009327907841,0.9846600294113159,0.9846600294113159,0.7119722001544609,0.8664562592037046,1.1364220858837624,381,137,0.9494361,0.98466,1.0414641,0.83546084,0.8664563,0.9164413
pre_eol_70_split,CS2_35,foundation_model,capacity_ah,TimesFM_2p5_200M,520,0.937034901977583,0.9846230149269104,0.9846230149269104,0.8245483026219771,0.8664236881327396,1.1364220858837624,381,138,0.9499078,0.984623,1.0413784,0.83587587,0.8664237,0.91636586
pre_eol_70_split,CS2_35,foundation_model,capacity_ah,TimesFM_2p5_200M,521,0.9368321853779946,0.9845768809318542,0.9845768809318542,0.8243699211894914,0.8663830923051601,1.1364220858837624,381,139,0.9498253,0.9845769,1.0415051,0.8358033,0.86638314,0.9164774
pre_eol_70_split,CS2_35,foundation_model,capacity_ah,TimesFM_2p5_200M,522,0.9364191769267549,0.9844886064529419,0.9844886064529419,0.8240064924455679,0.8663054147591067,1.1364220858837624,381,140,0.9489062,0.9844886,1.0413681,0.83499455,0.8663055,0.91635686
pre_eol_70_split,CS2_35,foundation_model,capacity_ah,TimesFM_2p5_200M,523,0.935042208966884,0.984138548374176,0.984138548374176,0.8227948229638012,0.8659973794937645,1.1364220858837624,381,141,0.94891214,0.98413855,1.0416481,0.8349998,0.86599743,0.91660327
pre_eol_70_split,CS2_35,foundation_model,capacity_ah,TimesFM_2p5_200M,524,0.9345710358597188,0.9845319986343384,0.9845319986343384,0.8223802119552526,0.8663435979147629,1.1364220858837624,381,142,0.94955224,0.984532,1.041672,0.835563,0.8663436,0.91662425
pre_eol_70_split,CS2_35,foundation_model,capacity_ah,TimesFM_2p5_200M,525,0.932002046154026,0.9847002029418945,0.9847002029418945,0.8201196172892357,0.8664916100923205,1.1364220858837624,381,143,0.94934225,0.9847002,1.0416398,0.8353782,0.8664917,0.91659594
pre_eol_70_split,CS2_35,foundation_model,capacity_ah,TimesFM_2p5_200M,526,0.9291163192232569,0.9849514961242676,0.9849514961242676,0.8175803082009887,0.8667127367190329,1.1364220858837624,381,144,0.9495497,0.9849515,1.041851,0.8355608,0.86671275,0.9167818
pre_eol_70_split,CS2_35,foundation_model,capacity_ah,TimesFM_2p5_200M,527,0.9312746949888249,0.9849649667739868,0.9849649667739868,0.8194795811844854,0.8667245902810911,1.1364220858837624,381,145,0.94903135,0.98496497,1.0427854,0.83510464,0.8667246,0.91760397
pre_eol_70_split,CS2_35,foundation_model,capacity_ah,TimesFM_2p5_200M,528,0.9352998331901032,0.9852633476257324,0.9852633476257324,0.8230215206199093,0.8669871519256174,1.1364220858837624,381,146,0.9490936,0.98526335,1.042901,0.8351594,0.86698717,0.9177058
pre_eol_70_split,CS2_35,foundation_model,capacity_ah,TimesFM_2p5_200M,529,0.9353480978179562,0.9852928519248962,0.9852928519248962,0.8230639913079155,0.8670131143734879,1.1364220858837624,381,147,0.9498373,0.98529285,1.0424652,0.8358139,0.86701316,0.9173222
pre_eol_70_split,CS2_35,foundation_model,capacity_ah,TimesFM_2p5_200M,530,0.9249468582290783,0.9854246377944946,0.9854246377944946,0.8139113712400037,0.8671290799739769,1.1364220858837624,381,148,0.9486234,0.98542464,1.0436938,0.8347457,0.8671291,0.9184033
pre_eol_70_split,CS2_35,foundation_model,capacity_ah,TimesFM_2p5_200M,531,0.9223838159929514,0.9853964447975159,0.9853964447975159,0.8116560100780164,0.8671042714126783,1.1364220858837624,381,149,0.94967043,0.98539644,1.0439625,0.835667,0.8671043,0.9186398
pre_eol_70_split,CS2_35,foundation_model,capacity_ah,TimesFM_2p5_200M,532,0.9220335876084542,0.9852545261383057,0.9852545261383057,0.8113478249513388,0.866979389415951,1.1364220858837624,381,150,0.9494063,0.9852545,1.0438869,0.8354346,0.8669794,0.91857326
pre_eol_70_split,CS2_35,foundation_model,capacity_ah,TimesFM_2p5_200M,533,0.920049387488886,0.9857286810874939,0.9857286810874939,0.8096018186529614,0.8673966243105188,1.1364220858837624,381,151,0.9489865,0.9857287,1.044033,0.8350652,0.86739665,0.9187019
pre_eol_70_split,CS2_35,foundation_model,capacity_ah,TimesFM_2p5_200M,534,0.9184037313390245,0.985718309879303,0.985718309879303,0.8081537157250941,0.8673874981167218,1.1364220858837624,381,152,0.9497115,0.9857183,1.0434964,0.8357032,0.86738753,0.91822964
pre_eol_70_split,CS2_35,foundation_model,capacity_ah,TimesFM_2p5_200M,535,0.9244328869213767,0.9859215021133423,0.9859215021133423,0.8134590997520715,0.8675662980859966,1.1364220858837624,381,153,0.9499317,0.9859215,1.04474,0.8358969,0.86756635,0.9193239
pre_eol_70_split,CS2_35,foundation_model,capacity_ah,TimesFM_2p5_200M,536,0.9262613856406237,0.985773503780365,0.985773503780365,0.8150680958653643,0.8674360662515262,1.1364220858837624,381,154,0.94964904,0.9857735,1.0455942,0.8356482,0.8674361,0.9200756
pre_eol_70_split,CS2_35,foundation_model,capacity_ah,TimesFM_2p5_200M,537,0.9268205733368475,0.98591148853302,0.98591148853302,0.8155601557286579,0.8675574865885375,1.1364220858837624,381,155,0.9488832,0.9859115,1.0452461,0.8349743,0.8675575,0.91976935
pre_eol_70_split,CS2_35,foundation_model,capacity_ah,TimesFM_2p5_200M,538,0.9152078153123178,0.9856346845626831,0.9856346845626831,0.8053414542718846,0.8673139116230602,1.1364220858837624,381,156,0.94976395,0.9856347,1.0451391,0.8357493,0.8673139,0.9196751
pre_eol_70_split,CS2_35,foundation_model,capacity_ah,TimesFM_2p5_200M,539,0.9133654766532882,0.9853464961051941,0.9853464961051941,0.8037202796379924,0.8670603188241619,1.1364220858837624,381,157,0.94872075,0.9853465,1.0455315,0.83483136,0.86706036,0.92002046
pre_eol_70_split,CS2_35,foundation_model,capacity_ah,TimesFM_2p5_200M,540,0.9130792400215082,0.9855697751045227,0.9855697751045227,0.8034684043573767,0.8672567942377447,1.1364220858837624,381,158,0.94907856,0.9855698,1.0452523,0.8351462,0.8672568,0.9197748
pre_eol_70_split,CS2_35,foundation_model,capacity_ah,TimesFM_2p5_200M,541,0.9111961033235048,0.9856976866722107,0.9856976866722107,0.8018113292957467,0.8673693506279071,1.1364220858837624,381,159,0.94841117,0.9856977,1.0455687,0.83455896,0.8673694,0.9200532
pre_eol_70_split,CS2_35,foundation_model,capacity_ah,TimesFM_2p5_200M,542,0.9117602857831919,0.9850959181785583,0.9850959181785583,0.8023077843248202,0.8668398215901251,1.1364220858837624,381,160,0.9477487,0.9850959,1.0449979,0.83397603,0.8668399,0.9195509
pre_eol_70_split,CS2_35,foundation_model,capacity_ah,TimesFM_2p5_200M,543,0.918676181827017,0.9853392839431763,0.9853392839431763,0.8083934598231513,0.8670539724480157,1.1364220858837624,381,161,0.948167,0.9853393,1.0450156,0.8343441,0.867054,0.91956645
pre_eol_70_split,CS2_35,foundation_model,capacity_ah,TimesFM_2p5_200M,544,0.9193216861925535,0.9849603176116943,0.9849603176116943,0.808961474448663,0.8667204992286993,1.1364220858837624,381,162,0.94807297,0.9849603,1.0447793,0.83426136,0.86672056,0.91935855
pre_eol_70_split,CS2_35,foundation_model,capacity_ah,TimesFM_2p5_200M,545,0.9154693608419677,0.9846702814102173,0.9846702814102173,0.8055716025001696,0.8664652804987223,1.1364220858837624,381,163,0.94758487,0.9846703,1.0439129,0.83383185,0.86646533,0.91859615
post_eol_75_split,CS2_35,foundation_model,capacity_ah,TimesFM_2p5_200M,659,0.8022740948678733,0.8271511197090149,0.8271511197090149,0.7059648917716767,0.7278555476733485,1.1364220858837624,657,1,0.8076684,0.8271511,0.8412061,0.71071166,0.72785556,0.7402233
post_eol_75_split,CS2_35,foundation_model,capacity_ah,TimesFM_2p5_200M,660,0.7974590176971148,0.8292544484138489,0.8292544484138489,0.7017278417965224,0.7297063817348831,1.1364220858837624,657,2,0.80484873,0.82925445,0.84646416,0.7082305,0.7297064,0.74485016
post_eol_75_split,CS2_35,foundation_model,capacity_ah,TimesFM_2p5_200M,661,0.7940750950965647,0.8334762454032898,0.8334762454032898,0.6987501430676927,0.7334213720029206,1.1364220858837624,657,3,0.80626816,0.83347625,0.85269266,0.7094795,0.7334214,0.750331
post_eol_75_split,CS2_35,foundation_model,capacity_ah,TimesFM_2p5_200M,662,0.7906628762524335,0.8344919085502625,0.8344919085502625,0.6957475449252273,0.7343151096023467,1.1364220858837624,657,4,0.80515546,0.8344919,0.85424644,0.7085004,0.73431516,0.75169826
post_eol_75_split,CS2_35,foundation_model,capacity_ah,TimesFM_2p5_200M,663,0.8039333972042559,0.8368251323699951,0.8368251323699951,0.7074250027260429,0.736368240959714,1.1364220858837624,657,5,0.80683297,0.83682513,0.85690844,0.70997655,0.7363683,0.75404066
post_eol_75_split,CS2_35,foundation_model,capacity_ah,TimesFM_2p5_200M,664,0.8072020898362098,0.8364518880844116,0.8364518880844116,0.7103013042979293,0.7360398028818028,1.1364220858837624,657,6,0.80567074,0.8364519,0.85756356,0.7089538,0.7360398,0.75461715
post_eol_75_split,CS2_35,foundation_model,capacity_ah,TimesFM_2p5_200M,665,0.8002677467878332,0.8387996554374695,0.8387996554374695,0.7041993962705224,0.7381057318902416,1.1364220858837624,657,7,0.8074707,0.83879966,0.86133766,0.7105377,0.7381058,0.7579382
post_eol_75_split,CS2_35,foundation_model,capacity_ah,TimesFM_2p5_200M,666,0.7832851919406245,0.8390110731124878,0.8390110731124878,0.6892555166520602,0.7382917698752866,1.1364220858837624,657,8,0.8055402,0.8390111,0.8634273,0.70883894,0.7382918,0.75977695
post_eol_75_split,CS2_35,foundation_model,capacity_ah,TimesFM_2p5_200M,667,0.7804510075667768,0.839382529258728,0.839382529258728,0.6867615626810374,0.7386186344715086,1.1364220858837624,657,9,0.8071274,0.8393825,0.8638134,0.7102356,0.7386187,0.76011676
post_eol_75_split,CS2_35,foundation_model,capacity_ah,TimesFM_2p5_200M,668,0.7763115357161947,0.840302586555481,0.840302586555481,0.6831190148090793,0.7394282432499559,1.1364220858837624,657,10,0.8064069,0.8403026,0.8659685,0.70960164,0.7394283,0.76201314
post_eol_75_split,CS2_35,foundation_model,capacity_ah,TimesFM_2p5_200M,669,0.7738356869616663,0.8409788608551025,0.8409788608551025,0.6809403799644361,0.7400233340247852,1.1364220858837624,657,11,0.80909145,0.84097886,0.8672245,0.7119639,0.7400234,0.7631183
post_eol_75_split,CS2_35,foundation_model,capacity_ah,TimesFM_2p5_200M,670,0.7633189076432636,0.8396005630493164,0.8396005630493164,0.6716860901639841,0.7388104943388033,1.1364220858837624,657,12,0.80494183,0.83960056,0.86907387,0.7083124,0.73881054,0.7647457
post_eol_75_split,CS2_35,foundation_model,capacity_ah,TimesFM_2p5_200M,671,0.7766230954533242,0.8420042991638184,0.8420042991638184,0.6833931732762542,0.7409256733241119,1.1364220858837624,657,13,0.8069776,0.8420043,0.8701873,0.7101038,0.7409257,0.76572543
post_eol_75_split,CS2_35,foundation_model,capacity_ah,TimesFM_2p5_200M,672,0.7833394326328538,0.8419474363327026,0.8419474363327026,0.689303246006235,0.7408756366063975,1.1364220858837624,657,14,0.8054805,0.84194744,0.8720008,0.70878637,0.74087566,0.7673213
post_eol_75_split,CS2_35,foundation_model,capacity_ah,TimesFM_2p5_200M,673,0.7867371939733694,0.8420937657356262,0.8420937657356262,0.6922931221998795,0.7410043998579581,1.1364220858837624,657,15,0.80586594,0.84209377,0.8731941,0.7091256,0.7410044,0.76837134
post_eol_75_split,CS2_35,foundation_model,capacity_ah,TimesFM_2p5_200M,674,0.7668162803117937,0.8425953388214111,0.8425953388214111,0.6747636198177749,0.7414457614717592,1.1364220858837624,657,16,0.8047334,0.84259534,0.8743138,0.708129,0.7414458,0.7693566
post_eol_75_split,CS2_35,foundation_model,capacity_ah,TimesFM_2p5_200M,675,0.7567547768337946,0.8423500657081604,0.8423500657081604,0.6659099521506469,0.7412299322334002,1.1364220858837624,657,17,0.80283743,0.84235007,0.8754977,0.70646065,0.74122995,0.7703984
post_eol_75_split,CS2_35,foundation_model,capacity_ah,TimesFM_2p5_200M,676,0.7573287549219003,0.8410143256187439,0.8410143256187439,0.666415026889369,0.7400545414116195,1.1364220858837624,657,18,0.8015384,0.8410143,0.87542605,0.70531756,0.74005455,0.7703353
post_eol_75_split,CS2_35,foundation_model,capacity_ah,TimesFM_2p5_200M,677,0.7544676645684909,0.8404562473297119,0.8404562473297119,0.663897396874123,0.739563457776442,1.1364220858837624,657,19,0.7995863,0.84045625,0.8775202,0.70359975,0.73956347,0.7721781
post_eol_75_split,CS2_35,foundation_model,capacity_ah,TimesFM_2p5_200M,678,0.7519959453037686,0.8401245474815369,0.8401245474815369,0.6617223957936045,0.7392715769231082,1.1364220858837624,657,20,0.7993167,0.84012455,0.879193,0.7033625,0.7392716,0.7736501
post_eol_75_split,CS2_35,foundation_model,capacity_ah,TimesFM_2p5_200M,679,0.7494316416016176,0.8407594561576843,0.8407594561576843,0.6594659245986111,0.7398302678215288,1.1364220858837624,657,21,0.79975533,0.84075946,0.87936974,0.7037485,0.7398303,0.7738056
post_eol_75_split,CS2_35,foundation_model,capacity_ah,TimesFM_2p5_200M,680,0.7439909821945001,0.8400195240974426,0.8400195240974426,0.6546783905699263,0.7391791610985665,1.1364220858837624,657,22,0.7984469,0.8400195,0.8803115,0.70259714,0.7391792,0.7746343
post_eol_75_split,CS2_35,foundation_model,capacity_ah,TimesFM_2p5_200M,681,0.7418848159142613,0.8411456346511841,0.8411456346511841,0.6528250595704668,0.7401700874169914,1.1364220858837624,657,23,0.8004253,0.84114563,0.88112795,0.7043381,0.7401701,0.7753528
post_eol_75_split,CS2_35,foundation_model,capacity_ah,TimesFM_2p5_200M,682,0.7431613933989603,0.8396735787391663,0.8396735787391663,0.6539483899778534,0.7388747448411094,1.1364220858837624,657,24,0.79593325,0.8396736,0.8792418,0.7003853,0.7388748,0.773693
post_eol_75_split,CS2_35,foundation_model,capacity_ah,TimesFM_2p5_200M,683,0.7385635716101469,0.840035080909729,0.840035080909729,0.6499025149056193,0.739192850389262,1.1364220858837624,657,25,0.796294,0.8400351,0.8833021,0.70070267,0.7391929,0.7772659
post_eol_75_split,CS2_35,foundation_model,capacity_ah,TimesFM_2p5_200M,684,0.7376823171901776,0.8404972553253174,0.8404972553253174,0.6491270509024853,0.7395995429565126,1.1364220858837624,657,26,0.7965272,0.84049726,0.8854103,0.70090795,0.7395996,0.77912104
post_eol_75_split,CS2_35,foundation_model,capacity_ah,TimesFM_2p5_200M,685,0.743631788328944,0.8406720161437988,0.8406720161437988,0.6543623162257035,0.7397533245669303,1.1364220858837624,657,27,0.79686284,0.840672,0.88513404,0.7012033,0.73975337,0.7788779
post_eol_75_split,CS2_35,foundation_model,capacity_ah,TimesFM_2p5_200M,686,0.7524115681451669,0.8404687643051147,0.8404687643051147,0.6620881250825377,0.7395744721482658,1.1364220858837624,657,28,0.79550827,0.84046876,0.8849392,0.7000113,0.7395745,0.7787065
post_eol_75_split,CS2_35,foundation_model,capacity_ah,TimesFM_2p5_200M,687,0.7556834689471827,0.8397651314735413,0.8397651314735413,0.6649672496988738,0.7389553071035929,1.1364220858837624,657,29,0.7933513,0.83976513,0.8860743,0.69811326,0.7389553,0.77970535
post_eol_75_split,CS2_35,foundation_model,capacity_ah,TimesFM_2p5_200M,688,0.7503945094126934,0.8393173813819885,0.8393173813819885,0.6603132046920167,0.7385613072886346,1.1364220858837624,657,30,0.7928226,0.8393174,0.8867934,0.69764805,0.73856133,0.78033805
post_eol_75_split,CS2_35,foundation_model,capacity_ah,TimesFM_2p5_200M,689,0.7531053701464039,0.8410261273384094,0.8410261273384094,0.6626986394414676,0.7400649263907678,1.1364220858837624,657,31,0.79509234,0.8410261,0.8892173,0.6996453,0.740065,0.782471
post_eol_75_split,CS2_35,foundation_model,capacity_ah,TimesFM_2p5_200M,690,0.750439025573872,0.8394689559936523,0.8394689559936523,0.6603523768990088,0.7386946860864833,1.1364220858837624,657,32,0.7932248,0.83946896,0.8888276,0.698002,0.7386947,0.7821281
post_eol_75_split,CS2_35,foundation_model,capacity_ah,TimesFM_2p5_200M,691,0.7545701051092308,0.8416776657104492,0.8416776657104492,0.6639875399134149,0.7406382506688973,1.1364220858837624,657,33,0.7960699,0.84167767,0.89226466,0.70050555,0.74063826,0.78515255
post_eol_75_split,CS2_35,foundation_model,capacity_ah,TimesFM_2p5_200M,692,0.755752676764061,0.8401377201080322,0.8401377201080322,0.665028149445313,0.739283168238218,1.1364220858837624,657,34,0.79424304,0.8401377,0.89185834,0.69889796,0.7392832,0.784795
post_eol_75_split,CS2_35,foundation_model,capacity_ah,TimesFM_2p5_200M,693,0.7530025739815187,0.8383885622024536,0.8383885622024536,0.6626081834690237,0.7377439884499105,1.1364220858837624,657,35,0.7920592,0.83838856,0.89263314,0.69697624,0.73774403,0.7854768
post_eol_75_split,CS2_35,foundation_model,capacity_ah,TimesFM_2p5_200M,694,0.7568442007030214,0.8375371694564819,0.8375371694564819,0.6659886411081546,0.7369948013683258,1.1364220858837624,657,36,0.7905797,0.83753717,0.89230484,0.69567436,0.7369948,0.7851879
post_eol_75_split,CS2_35,foundation_model,capacity_ah,TimesFM_2p5_200M,695,0.7538745844274644,0.837287425994873,0.837287425994873,0.6633755131934083,0.7367750384257439,1.1364220858837624,657,37,0.790034,0.8372874,0.8938171,0.6951942,0.73677504,0.78651863
post_eol_75_split,CS2_35,foundation_model,capacity_ah,TimesFM_2p5_200M,696,0.7533568510578448,0.8373664617538452,0.8373664617538452,0.6629199312612629,0.7368445863164035,1.1364220858837624,657,38,0.7896618,0.83736646,0.894923,0.6948667,0.7368446,0.78749174
post_eol_75_split,CS2_35,foundation_model,capacity_ah,TimesFM_2p5_200M,697,0.7522679166483712,0.8369433283805847,0.8369433283805847,0.6619617182671651,0.7364722480993655,1.1364220858837624,657,39,0.7866564,0.8369433,0.8943597,0.69222206,0.7364723,0.7869961
post_eol_75_split,CS2_35,foundation_model,capacity_ah,TimesFM_2p5_200M,698,0.7509454949082865,0.8363081216812134,0.8363081216812134,0.660798046989995,0.7359132949539967,1.1364220858837624,657,40,0.7865382,0.8363081,0.89668083,0.69211805,0.73591334,0.7890386
post_eol_75_split,CS2_35,foundation_model,capacity_ah,TimesFM_2p5_200M,699,0.7490181733268102,0.8365573287010193,0.8365573287010193,0.65910209123076,0.7361325858520719,1.1364220858837624,657,41,0.7857183,0.8365573,0.8965937,0.6913966,0.7361326,0.7889619
post_eol_75_split,CS2_35,foundation_model,capacity_ah,TimesFM_2p5_200M,700,0.782814594476281,0.8355757594108582,0.8355757594108582,0.6888414121831404,0.7352688493035184,1.1364220858837624,657,42,0.7833873,0.83557576,0.8979588,0.6893454,0.7352689,0.79016316
post_eol_75_split,CS2_35,foundation_model,capacity_ah,TimesFM_2p5_200M,701,0.773486101492527,0.835440993309021,0.835440993309021,0.6806327605741747,0.7351502612335477,1.1364220858837624,657,43,0.7838818,0.835441,0.8998393,0.68978053,0.7351503,0.7918179
post_eol_75_split,CS2_35,foundation_model,capacity_ah,TimesFM_2p5_200M,703,0.7594716871836624,0.8346301317214966,0.8346301317214966,0.6683007102885047,0.7344367397369165,1.1364220858837624,657,44,0.7821829,0.83463013,0.9001365,0.6882855,0.73443675,0.7920794
post_eol_75_split,CS2_35,foundation_model,capacity_ah,TimesFM_2p5_200M,704,0.756065004939384,0.8323944807052612,0.8323944807052612,0.6653029841033178,0.7324694680303862,1.1364220858837624,657,45,0.778563,0.8323945,0.89891267,0.68510026,0.7324695,0.7910025
post_eol_75_split,CS2_35,foundation_model,capacity_ah,TimesFM_2p5_200M,705,0.7529785181519504,0.8328100442886353,0.8328100442886353,0.6625870154277941,0.7328351451749401,1.1364220858837624,657,46,0.77905446,0.83281004,0.8995307,0.6855327,0.7328352,0.79154634
post_eol_75_split,CS2_35,foundation_model,capacity_ah,TimesFM_2p5_200M,706,0.751015271125385,0.8321088552474976,0.8321088552474976,0.6608594469029017,0.7322181305552423,1.1364220858837624,657,47,0.7776207,0.83210886,0.89953923,0.68427104,0.73221815,0.79155385
post_eol_75_split,CS2_35,foundation_model,capacity_ah,TimesFM_2p5_200M,707,0.74955401992578,0.830362856388092,0.830362856388092,0.659573611984911,0.7306817305845856,1.1364220858837624,657,48,0.7754357,0.83036286,0.89930326,0.6823483,0.7306818,0.7913462
post_eol_75_split,CS2_35,foundation_model,capacity_ah,TimesFM_2p5_200M,709,0.7486476213544027,0.8307356238365173,0.8307356238365173,0.6587760222665869,0.7310097490673797,1.1364220858837624,657,49,0.7746244,0.8307356,0.90131176,0.6816344,0.7310098,0.7931136
post_eol_75_split,CS2_35,foundation_model,capacity_ah,TimesFM_2p5_200M,710,0.7471834284528658,0.8315008282661438,0.8315008282661438,0.6574875987840407,0.7316830943315483,1.1364220858837624,657,50,0.77498186,0.8315008,0.9038389,0.68194896,0.73168314,0.7953373
post_eol_75_split,CS2_35,foundation_model,capacity_ah,TimesFM_2p5_200M,711,0.7418475218745897,0.8325393199920654,0.8325393199920654,0.6527922425035205,0.7325969200472058,1.1364220858837624,657,51,0.77636254,0.8325393,0.904689,0.68316394,0.73259693,0.7960854
post_eol_75_split,CS2_35,foundation_model,capacity_ah,TimesFM_2p5_200M,712,0.7378821852586359,0.8318257331848145,0.8318257331848145,0.649302925756504,0.7319689959544633,1.1364220858837624,657,52,0.7747977,0.83182573,0.904634,0.6817869,0.731969,0.796037
post_eol_75_split,CS2_35,foundation_model,capacity_ah,TimesFM_2p5_200M,713,0.7350316082952908,0.8333770632743835,0.8333770632743835,0.6467945470486682,0.7333340962185634,1.1364220858837624,657,53,0.77451736,0.83337706,0.9071113,0.68154025,0.7333341,0.79821694
post_eol_75_split,CS2_35,foundation_model,capacity_ah,TimesFM_2p5_200M,714,0.732995864265936,0.8316687941551208,0.8316687941551208,0.6450031844426065,0.7318308967115473,1.1364220858837624,657,54,0.7737185,0.8316688,0.9071422,0.6808373,0.73183095,0.7982441
post_eol_75_split,CS2_35,foundation_model,capacity_ah,TimesFM_2p5_200M,715,0.7314553011956004,0.8306188583374023,0.8306188583374023,0.6436475586681061,0.7309070007130795,1.1364220858837624,657,55,0.77238065,0.83061886,0.9075602,0.67966,0.730907,0.79861194
post_eol_75_split,CS2_35,foundation_model,capacity_ah,TimesFM_2p5_200M,717,0.727628346094999,0.831931471824646,0.831931471824646,0.6402800113913165,0.7320620411716806,1.1364220858837624,657,56,0.7739125,0.8319315,0.9081371,0.681008,0.7320621,0.7991196
post_eol_75_split,CS2_35,foundation_model,capacity_ah,TimesFM_2p5_200M,718,0.7335194011953838,0.8320960402488708,0.8320960402488708,0.645463873244726,0.7322068539364702,1.1364220858837624,657,57,0.77549744,0.83209604,0.911062,0.6824027,0.7322069,0.8016934
post_eol_75_split,CS2_35,foundation_model,capacity_ah,TimesFM_2p5_200M,719,0.7394593560732563,0.8311560153961182,0.8311560153961182,0.6506907646890726,0.7313796746124943,1.1364220858837624,657,58,0.7722133,0.831156,0.9111399,0.67951274,0.7313797,0.8017619
post_eol_75_split,CS2_35,foundation_model,capacity_ah,TimesFM_2p5_200M,720,0.7262395275412423,0.8294535875320435,0.8294535875320435,0.6390579139232999,0.7298816151456626,1.1364220858837624,657,59,0.7698209,0.8294536,0.9093143,0.6774076,0.72988164,0.80015546
post_eol_75_split,CS2_35,foundation_model,capacity_ah,TimesFM_2p5_200M,721,0.7216883188945395,0.8301509022712708,0.8301509022712708,0.6350530563063667,0.730495220555034,1.1364220858837624,657,60,0.7699396,0.8301509,0.9128339,0.67751205,0.7304953,0.8032526
post_eol_75_split,CS2_35,foundation_model,capacity_ah,TimesFM_2p5_200M,722,0.7179513574431056,0.8315442800521851,0.8315442800521851,0.6317646993676436,0.7317213299365942,1.1364220858837624,657,61,0.7741101,0.8315443,0.91541326,0.68118185,0.73172134,0.80552226
post_eol_75_split,CS2_35,foundation_model,capacity_ah,TimesFM_2p5_200M,723,0.7152297200167794,0.8309577703475952,0.8309577703475952,0.6293697816164546,0.7312052279425594,1.1364220858837624,657,62,0.77067816,0.8309578,0.9153005,0.6781619,0.7312053,0.805423
post_eol_75_split,CS2_35,foundation_model,capacity_ah,TimesFM_2p5_200M,724,0.7127256174473438,0.829681932926178,0.829681932926178,0.6271662846934885,0.7300825487573647,1.1364220858837624,657,63,0.76941514,0.82968193,0.9167392,0.67705053,0.7300826,0.8066891
post_eol_75_split,CS2_35,foundation_model,capacity_ah,TimesFM_2p5_200M,725,0.7103789832688499,0.8302467465400696,0.8302467465400696,0.6251013528273773,0.7305795591735714,1.1364220858837624,657,64,0.7693156,0.83024675,0.9159019,0.6769629,0.7305796,0.80595225
post_eol_75_split,CS2_35,foundation_model,capacity_ah,TimesFM_2p5_200M,727,0.7068357061331589,0.8313129544258118,0.8313129544258118,0.6219834293201661,0.7315177738554103,1.1364220858837624,657,65,0.7699955,0.83131295,0.91859525,0.6775612,0.7315178,0.8083223
post_eol_75_split,CS2_35,foundation_model,capacity_ah,TimesFM_2p5_200M,728,0.7080317321882319,0.8301962018013,0.8301962018013,0.6230358781153186,0.7305350820911586,1.1364220858837624,657,66,0.76652443,0.8301962,0.91864717,0.67450684,0.7305351,0.80836797
post_eol_75_split,CS2_35,foundation_model,capacity_ah,TimesFM_2p5_200M,729,0.7091808068952581,0.8301146030426025,0.8301146030426025,0.6240470118492539,0.7304632788767447,1.1364220858837624,657,67,0.76811606,0.8301146,0.9191034,0.6759074,0.7304633,0.8087694
post_eol_75_split,CS2_35,foundation_model,capacity_ah,TimesFM_2p5_200M,730,0.7066166484283976,0.8298942446708679,0.8298942446708679,0.6217906684547426,0.730269373483254,1.1364220858837624,657,68,0.7650558,0.82989424,0.92187667,0.6732145,0.73026943,0.8112098
post_eol_75_split,CS2_35,foundation_model,capacity_ah,TimesFM_2p5_200M,731,0.7020404103441145,0.8290836811065674,0.8290836811065674,0.6177637860655956,0.7295561142335711,1.1364220858837624,657,69,0.7653791,0.8290837,0.92084026,0.673499,0.72955614,0.8102978
post_eol_75_split,CS2_35,foundation_model,capacity_ah,TimesFM_2p5_200M,732,0.6992944329675232,0.8296865224838257,0.8296865224838257,0.6153474502598234,0.7300865873603668,1.1364220858837624,657,70,0.76591945,0.8296865,0.92227244,0.67397445,0.7300866,0.81155807
post_eol_75_split,CS2_35,foundation_model,capacity_ah,TimesFM_2p5_200M,733,0.6920261000049877,0.8291208744049072,0.8291208744049072,0.6089516462246676,0.7295888426527051,1.1364220858837624,657,71,0.7643683,0.8291209,0.92194843,0.6726095,0.72958887,0.8112729
post_eol_75_split,CS2_35,foundation_model,capacity_ah,TimesFM_2p5_200M,734,0.6885698250041905,0.8284927010536194,0.8284927010536194,0.6059102806583611,0.7290360785353135,1.1364220858837624,657,72,0.7630656,0.8284927,0.92286587,0.6714632,0.7290361,0.8120802
post_eol_75_split,CS2_35,foundation_model,capacity_ah,TimesFM_2p5_200M,735,0.6860065674252027,0.8283075094223022,0.8283075094223022,0.6036547300044027,0.7288731182817092,1.1364220858837624,657,73,0.7606503,0.8283075,0.9246158,0.66933787,0.72887313,0.8136201
post_eol_75_split,CS2_35,foundation_model,capacity_ah,TimesFM_2p5_200M,736,0.6854369278382642,0.8271764516830444,0.8271764516830444,0.6031534729503429,0.7278778386639445,1.1364220858837624,657,74,0.76074636,0.82717645,0.9251692,0.6694224,0.72787786,0.81410706
post_eol_75_split,CS2_35,foundation_model,capacity_ah,TimesFM_2p5_200M,737,0.6867965489176022,0.8278893232345581,0.8278893232345581,0.6043498779623775,0.7285051333640112,1.1364220858837624,657,75,0.7616107,0.8278893,0.9243916,0.67018294,0.72850513,0.8134228
post_eol_75_split,CS2_35,foundation_model,capacity_ah,TimesFM_2p5_200M,739,0.6847564270204494,0.8276907801628113,0.8276907801628113,0.6025546630308001,0.728330424447128,1.1364220858837624,657,76,0.7598767,0.8276908,0.92549336,0.6686572,0.72833043,0.8143923
post_eol_75_split,CS2_35,foundation_model,capacity_ah,TimesFM_2p5_200M,740,0.682688900472403,0.8277729153633118,0.8277729153633118,0.6007353332467978,0.7284026997060488,1.1364220858837624,657,77,0.76062703,0.8277729,0.9247459,0.66931736,0.72840273,0.8137346
post_eol_75_split,CS2_35,foundation_model,capacity_ah,TimesFM_2p5_200M,741,0.6792929175072793,0.8268642425537109,0.8268642425537109,0.5977470219430071,0.7276031087610223,1.1364220858837624,657,78,0.75917184,0.82686424,0.9247545,0.6680369,0.72760314,0.81374216
post_eol_75_split,CS2_35,foundation_model,capacity_ah,TimesFM_2p5_200M,742,0.6777881022454686,0.8276705741882324,0.8276705741882324,0.5964228526220278,0.728312644104041,1.1364220858837624,657,79,0.7605183,0.8276706,0.92664325,0.6692217,0.7283127,0.8154042
post_eol_75_split,CS2_35,foundation_model,capacity_ah,TimesFM_2p5_200M,743,0.6757981341056727,0.8262038826942444,0.8262038826942444,0.5946717707269162,0.7270220219732263,1.1364220858837624,657,80,0.7556041,0.8262039,0.925949,0.66489744,0.72702205,0.8147932
post_eol_75_split,CS2_35,foundation_model,capacity_ah,TimesFM_2p5_200M,744,0.6745704987889845,0.8267685770988464,0.8267685770988464,0.5935915072122085,0.7275189274906538,1.1364220858837624,657,81,0.7588243,0.8267686,0.9272578,0.66773105,0.727519,0.8159449
post_eol_75_split,CS2_35,foundation_model,capacity_ah,TimesFM_2p5_200M,745,0.6733391109067703,0.8272166848182678,0.8272166848182678,0.5925079416096829,0.72791324200195,1.1364220858837624,657,82,0.7580769,0.8272167,0.92821646,0.66707337,0.72791326,0.8167885
post_eol_75_split,CS2_35,foundation_model,capacity_ah,TimesFM_2p5_200M,746,0.6718604819785199,0.8263341188430786,0.8263341188430786,0.5912068150770174,0.7271366238895847,1.1364220858837624,657,83,0.7563331,0.8263341,0.9293514,0.6655389,0.7271367,0.8177872
post_eol_75_split,CS2_35,foundation_model,capacity_ah,TimesFM_2p5_200M,747,0.6732639468444859,0.8251056671142578,0.8251056671142578,0.5924418006368717,0.726055641969152,1.1364220858837624,657,84,0.75628054,0.82510567,0.9283757,0.66549265,0.7260557,0.8169286
post_eol_75_split,CS2_35,foundation_model,capacity_ah,TimesFM_2p5_200M,748,0.6733289369794804,0.8248775005340576,0.8248775005340576,0.5924989890141497,0.7258548657056189,1.1364220858837624,657,85,0.75615305,0.8248775,0.93026626,0.6653805,0.7258549,0.81859225
post_eol_75_split,CS2_35,foundation_model,capacity_ah,TimesFM_2p5_200M,749,0.674108410202706,0.8251014947891235,0.8251014947891235,0.593184890170866,0.7260519705118773,1.1364220858837624,657,86,0.7537465,0.8251015,0.9305392,0.66326284,0.726052,0.8188324
post_eol_75_split,CS2_35,foundation_model,capacity_ah,TimesFM_2p5_200M,750,0.706291813363732,0.8248128294944763,0.8248128294944763,0.6215048283001905,0.725797958117862,1.1364220858837624,657,87,0.7529059,0.8248128,0.93128204,0.66252315,0.725798,0.8194861
post_eol_75_split,CS2_35,foundation_model,capacity_ah,TimesFM_2p5_200M,751,0.6929371043283811,0.8235880136489868,0.8235880136489868,0.609753288796305,0.7247201756101972,1.1364220858837624,657,88,0.75035954,0.823588,0.93136775,0.66028243,0.7247202,0.8195615
post_eol_75_split,CS2_35,foundation_model,capacity_ah,TimesFM_2p5_200M,752,0.6837187843525421,0.8234758973121643,0.8234758973121643,0.601641584447766,0.7246215183082887,1.1364220858837624,657,89,0.7501906,0.8234759,0.931803,0.66013384,0.72462153,0.8199445
post_eol_75_split,CS2_35,foundation_model,capacity_ah,TimesFM_2p5_200M,753,0.6779283520951047,0.8240843415260315,0.8240843415260315,0.5965462661418619,0.7251569216777102,1.1364220858837624,657,90,0.74945587,0.82408434,0.9347743,0.65948725,0.72515696,0.8225591
post_eol_75_split,CS2_35,foundation_model,capacity_ah,TimesFM_2p5_200M,754,0.6732169605870282,0.8253370523452759,0.8253370523452759,0.592400454856953,0.7262592504997254,1.1364220858837624,657,91,0.7522707,0.82533705,0.93352187,0.6619642,0.7262593,0.821457
post_eol_75_split,CS2_35,foundation_model,capacity_ah,TimesFM_2p5_200M,755,0.6704579266846253,0.8246906995773315,0.8246906995773315,0.5899726298994178,0.7256904893184943,1.1364220858837624,657,92,0.74997306,0.8246907,0.9351571,0.6599424,0.72569054,0.822896
post_eol_75_split,CS2_35,foundation_model,capacity_ah,TimesFM_2p5_200M,756,0.666788995333877,0.8236819505691528,0.8236819505691528,0.5867441363701891,0.7248028358482661,1.1364220858837624,657,93,0.74875426,0.82368195,0.93460023,0.65886986,0.72480285,0.82240593
post_eol_75_split,CS2_35,foundation_model,capacity_ah,TimesFM_2p5_200M,757,0.6659151764349449,0.8241028189659119,0.8241028189659119,0.5859752152890289,0.7251731809884978,1.1364220858837624,657,94,0.7518028,0.8241028,0.93426156,0.6615525,0.72517323,0.8221079
post_eol_75_split,CS2_35,foundation_model,capacity_ah,TimesFM_2p5_200M,758,0.6666837120492977,0.8221486806869507,0.8221486806869507,0.586651491844984,0.7234536277492263,1.1364220858837624,657,95,0.7457959,0.8221487,0.93383145,0.6562667,0.72345364,0.8217294
post_eol_75_split,CS2_35,foundation_model,capacity_ah,TimesFM_2p5_200M,759,0.6678929033425014,0.823688268661499,0.823688268661499,0.5877155254538199,0.7248083954835678,1.1364220858837624,657,96,0.74760294,0.82368827,0.93708,0.65785676,0.72480845,0.82458806
post_eol_75_split,CS2_35,foundation_model,capacity_ah,TimesFM_2p5_200M,760,0.6603417159490528,0.8223835229873657,0.8223835229873657,0.5810708223217294,0.7236602783443987,1.1364220858837624,657,97,0.7454143,0.8223835,0.9365807,0.6559309,0.7236603,0.82414865
post_eol_75_split,CS2_35,foundation_model,capacity_ah,TimesFM_2p5_200M,761,0.6542327060764617,0.8216812014579773,0.8216812014579773,0.575695170133625,0.7230422671862979,1.1364220858837624,657,98,0.7465246,0.8216812,0.93651414,0.65690786,0.7230423,0.82409006
post_eol_75_split,CS2_35,foundation_model,capacity_ah,TimesFM_2p5_200M,762,0.6487460960811458,0.8213574290275574,0.8213574290275574,0.5708672016670944,0.722757362101786,1.1364220858837624,657,99,0.7437915,0.8213574,0.9366981,0.6545029,0.7227574,0.82425195
post_eol_75_split,CS2_35,foundation_model,capacity_ah,TimesFM_2p5_200M,763,0.6430595008502831,0.821528434753418,0.821528434753418,0.5658632552448102,0.7229078394006565,1.1364220858837624,657,100,0.7441399,0.82152843,0.9369354,0.6548095,0.72290784,0.8244608
post_eol_75_split,CS2_35,foundation_model,capacity_ah,TimesFM_2p5_200M,764,0.6387747295882775,0.8211959004402161,0.8211959004402161,0.5620928504671933,0.7226152242558679,1.1364220858837624,657,101,0.7418301,0.8211959,0.9362587,0.65277696,0.72261524,0.8238653
post_eol_75_split,CS2_35,foundation_model,capacity_ah,TimesFM_2p5_200M,765,0.6362478723216256,0.8210216164588928,0.8210216164588928,0.5598693304405767,0.7224618622405673,1.1364220858837624,657,102,0.7411247,0.8210216,0.9372429,0.65215623,0.7224619,0.8247314
post_eol_75_split,CS2_35,foundation_model,capacity_ah,TimesFM_2p5_200M,766,0.6337522109036637,0.8199586868286133,0.8199586868286133,0.5576732613488526,0.7215265322751584,1.1364220858837624,657,103,0.74009085,0.8199587,0.9388212,0.6512465,0.72152656,0.8261202
post_eol_75_split,CS2_35,foundation_model,capacity_ah,TimesFM_2p5_200M,767,0.6344444276983268,0.8183371424674988,0.8183371424674988,0.5582823807977454,0.7200996466300651,1.1364220858837624,657,104,0.7371739,0.81833714,0.93670917,0.64867973,0.7200997,0.8242617
post_eol_75_split,CS2_35,foundation_model,capacity_ah,TimesFM_2p5_200M,768,0.636263997672712,0.8179101943969727,0.8179101943969727,0.5598835200196836,0.7197239516520904,1.1364220858837624,657,105,0.737862,0.8179102,0.93808687,0.6492852,0.719724,0.825474
post_eol_75_split,CS2_35,foundation_model,capacity_ah,TimesFM_2p5_200M,769,0.6355559075641679,0.8177990913391113,0.8177990913391113,0.5592604327730173,0.7196261859898057,1.1364220858837624,657,106,0.7370289,0.8177991,0.93839866,0.6485521,0.7196262,0.8257484
post_eol_75_split,CS2_35,foundation_model,capacity_ah,TimesFM_2p5_200M,770,0.6375670516546776,0.8166676163673401,0.8166676163673401,0.5610301485463126,0.7186305392263135,1.1364220858837624,657,107,0.73651063,0.8166676,0.93848985,0.648096,0.71863055,0.8258286
post_eol_75_split,CS2_35,foundation_model,capacity_ah,TimesFM_2p5_200M,771,0.6284736968243347,0.8154671788215637,0.8154671788215637,0.5530284078697653,0.7175742085190104,1.1364220858837624,657,108,0.73584116,0.8154672,0.93900543,0.64750695,0.71757424,0.8262823
post_eol_75_split,CS2_35,foundation_model,capacity_ah,TimesFM_2p5_200M,772,0.622922482652573,0.8165456652641296,0.8165456652641296,0.5481435906520106,0.7185232277751148,1.1364220858837624,657,109,0.7365228,0.81654567,0.93892586,0.64810675,0.71852326,0.8262123
post_eol_75_split,CS2_35,foundation_model,capacity_ah,TimesFM_2p5_200M,773,0.6209866852660308,0.8173462748527527,0.8173462748527527,0.546440176567941,0.7192277279767282,1.1364220858837624,657,110,0.73636794,0.8173463,0.9405704,0.6479705,0.71922773,0.8276594
post_eol_75_split,CS2_35,foundation_model,capacity_ah,TimesFM_2p5_200M,774,0.6185284525625026,0.8165338635444641,0.8165338635444641,0.5442770430508581,0.7185128427959665,1.1364220858837624,657,111,0.7359789,0.81653386,0.94175076,0.6476281,0.7185129,0.8286981
post_eol_75_split,CS2_35,foundation_model,capacity_ah,TimesFM_2p5_200M,775,0.6166508614693242,0.8178778290748596,0.8178778290748596,0.5426248478704748,0.7196954716335171,1.1364220858837624,657,112,0.73541737,0.8178778,0.9437311,0.647134,0.7196955,0.8304407
post_eol_75_split,CS2_35,foundation_model,capacity_ah,TimesFM_2p5_200M,776,0.6150398361939686,0.8197818994522095,0.8197818994522095,0.5412072185447453,0.721370967385493,1.1364220858837624,657,113,0.7370962,0.8197819,0.9462888,0.6486113,0.721371,0.8326914
post_eol_75_split,CS2_35,foundation_model,capacity_ah,TimesFM_2p5_200M,777,0.6171168210622788,0.8186081647872925,0.8186081647872925,0.5430348712224868,0.7203381340047477,1.1364220858837624,657,114,0.7341916,0.81860816,0.94691205,0.6460554,0.72033817,0.8332398
post_eol_75_split,CS2_35,foundation_model,capacity_ah,TimesFM_2p5_200M,778,0.6188144990419389,0.81840980052948,0.81840980052948,0.544528751006018,0.7201635824360334,1.1364220858837624,657,115,0.7345043,0.8184098,0.94604844,0.64633054,0.7201636,0.83247983
post_eol_75_split,CS2_35,foundation_model,capacity_ah,TimesFM_2p5_200M,779,0.6163745821027433,0.8189409971237183,0.8189409971237183,0.5423817345325586,0.7206310113964846,1.1364220858837624,657,116,0.73533916,0.818941,0.94835424,0.6470652,0.72063106,0.83450884
post_eol_75_split,CS2_35,foundation_model,capacity_ah,TimesFM_2p5_200M,780,0.6129891006963177,0.8184419274330139,0.8184419274330139,0.5394026641251115,0.7201918526570482,1.1364220858837624,657,117,0.73521465,0.8184419,0.9491533,0.64695567,0.7201919,0.835212
post_eol_75_split,CS2_35,foundation_model,capacity_ah,TimesFM_2p5_200M,781,0.6053911522284743,0.8193662166595459,0.8193662166595459,0.5327168133640057,0.7210051853421597,1.1364220858837624,657,118,0.7339285,0.8193662,0.9490324,0.6458239,0.7210052,0.8351056
post_eol_75_split,CS2_35,foundation_model,capacity_ah,TimesFM_2p5_200M,782,0.6030464663027892,0.8189603686332703,0.8189603686332703,0.5306535958721865,0.7206480574481168,1.1364220858837624,657,119,0.7347133,0.81896037,0.948622,0.6465145,0.7206481,0.83474445
post_eol_75_split,CS2_35,foundation_model,capacity_ah,TimesFM_2p5_200M,783,0.5985572459934936,0.818591833114624,0.818591833114624,0.5267032851865185,0.720323762871987,1.1364220858837624,657,120,0.7335495,0.81859183,0.9488183,0.64549035,0.7203238,0.83491725
post_eol_75_split,CS2_35,foundation_model,capacity_ah,TimesFM_2p5_200M,784,0.5964412050182446,0.8186216354370117,0.8186216354370117,0.5248412649023885,0.7203499875668058,1.1364220858837624,657,121,0.73283815,0.81862164,0.9499421,0.64486444,0.72035,0.8359061
post_eol_75_split,CS2_35,foundation_model,capacity_ah,TimesFM_2p5_200M,785,0.5941914577892007,0.8187938928604126,0.8187938928604126,0.522861589166595,0.7205015663028587,1.1364220858837624,657,122,0.73131835,0.8187939,0.95041144,0.6435271,0.7205016,0.8363191
post_eol_75_split,CS2_35,foundation_model,capacity_ah,TimesFM_2p5_200M,786,0.5921803176035816,0.8181903958320618,0.8181903958320618,0.5210918768294266,0.7199705162327771,1.1364220858837624,657,123,0.7316508,0.8181904,0.9518357,0.64381963,0.7199705,0.83757234
post_eol_75_split,CS2_35,foundation_model,capacity_ah,TimesFM_2p5_200M,787,0.5898195541344755,0.8172057271003723,0.8172057271003723,0.5190145118270822,0.7191040523159625,1.1364220858837624,657,124,0.72984135,0.8172057,0.9495503,0.6422274,0.7191041,0.8355613
post_eol_75_split,CS2_35,foundation_model,capacity_ah,TimesFM_2p5_200M,788,0.5876765497967682,0.817162275314331,0.817162275314331,0.5171287650043771,0.7190658167109166,1.1364220858837624,657,125,0.72913563,0.8171623,0.95076156,0.6416064,0.71906585,0.8366272
post_eol_75_split,CS2_35,foundation_model,capacity_ah,TimesFM_2p5_200M,789,0.5854585952150195,0.8147725462913513,0.8147725462913513,0.515177065359237,0.7169629633321729,1.1364220858837624,657,126,0.72485656,0.81477255,0.9488473,0.637841,0.716963,0.8349427
post_eol_75_split,CS2_35,foundation_model,capacity_ah,TimesFM_2p5_200M,791,0.6043831719738897,0.8152561187744141,0.8152561187744141,0.5318298363621458,0.7173884852303034,1.1364220858837624,657,127,0.72652596,0.8152561,0.9505018,0.63931,0.7173885,0.8363986
post_eol_75_split,CS2_35,foundation_model,capacity_ah,TimesFM_2p5_200M,792,0.6104799963890493,0.8157546520233154,0.8157546520233154,0.5371947658992361,0.717827171925233,1.1364220858837624,657,128,0.72569317,0.81575465,0.95215654,0.63857716,0.7178272,0.8378547
post_eol_75_split,CS2_35,foundation_model,capacity_ah,TimesFM_2p5_200M,793,0.6124332960728296,0.8147838711738586,0.8147838711738586,0.5389135812127042,0.716972928716204,1.1364220858837624,657,129,0.72517526,0.8147839,0.95347,0.6381214,0.71697295,0.8390105
post_eol_75_split,CS2_35,foundation_model,capacity_ah,TimesFM_2p5_200M,794,0.6135167871471161,0.8151049017906189,0.8151049017906189,0.539867004318208,0.7172554211287926,1.1364220858837624,657,130,0.7247994,0.8151049,0.9555906,0.6377907,0.7172555,0.8408765
post_eol_75_split,CS2_35,foundation_model,capacity_ah,TimesFM_2p5_200M,795,0.6132282566149811,0.8152133822441101,0.8152133822441101,0.539613110509104,0.7173508790179332,1.1364220858837624,657,131,0.72678643,0.8152134,0.9547069,0.6395392,0.7173509,0.8400989
post_eol_75_split,CS2_35,foundation_model,capacity_ah,TimesFM_2p5_200M,796,0.6131514204851243,0.8146634697914124,0.8146634697914124,0.5395454981925085,0.7168669809491359,1.1364220858837624,657,132,0.72510046,0.81466347,0.95632786,0.6380556,0.716867,0.84152526
post_eol_75_split,CS2_35,foundation_model,capacity_ah,TimesFM_2p5_200M,797,0.6126591521596225,0.8151534795761108,0.8151534795761108,0.539112324346614,0.7172981673813473,1.1364220858837624,657,133,0.7251648,0.8151535,0.9577645,0.6381122,0.7172982,0.8427895
post_eol_75_split,CS2_35,foundation_model,capacity_ah,TimesFM_2p5_200M,798,0.6121156364902518,0.8146480917930603,0.8146480917930603,0.5386340551576198,0.7168534490066094,1.1364220858837624,657,134,0.72471327,0.8146481,0.95747674,0.6377149,0.7168535,0.8425362
post_eol_75_split,CS2_35,foundation_model,capacity_ah,TimesFM_2p5_200M,799,0.6112172327128782,0.8135198950767517,0.8135198950767517,0.5378435004961668,0.7158606869595472,1.1364220858837624,657,135,0.72360027,0.8135199,0.95560026,0.6367355,0.7158607,0.84088504
post_eol_75_split,CS2_35,foundation_model,capacity_ah,TimesFM_2p5_200M,800,0.606471429344646,0.8149670362472534,0.8149670362472534,0.5336674083318355,0.7171341056905607,1.1364220858837624,657,136,0.72203517,0.81496704,0.9567759,0.6353583,0.7171341,0.84191954
post_eol_75_split,CS2_35,foundation_model,capacity_ah,TimesFM_2p5_200M,801,0.5928617885555449,0.8138206005096436,0.8138206005096436,0.521691540423111,0.7161252941302694,1.1364220858837624,657,137,0.7237427,0.8138206,0.95625126,0.63686085,0.7161253,0.84145784
post_eol_75_split,CS2_35,foundation_model,capacity_ah,TimesFM_2p5_200M,802,0.5833132924447331,0.813668966293335,0.813668966293335,0.5132892960198915,0.7159918628830311,1.1364220858837624,657,138,0.72377723,0.81366897,0.9554086,0.63689125,0.7159919,0.84071636
post_eol_75_split,CS2_35,foundation_model,capacity_ah,TimesFM_2p5_200M,803,0.5762375067452867,0.8132922649383545,0.8132922649383545,0.5070629248613763,0.7156603827405209,1.1364220858837624,657,139,0.7232575,0.81329226,0.95683503,0.6364339,0.7156604,0.8419716
post_eol_75_split,CS2_35,foundation_model,capacity_ah,TimesFM_2p5_200M,804,0.5706666096233741,0.812707781791687,0.812707781791687,0.5021607875383585,0.7151460640257338,1.1364220858837624,657,140,0.7198063,0.8127078,0.95688623,0.633397,0.71514606,0.84201664
post_eol_75_split,CS2_35,foundation_model,capacity_ah,TimesFM_2p5_200M,805,0.5657432772651831,0.812881350517273,0.812881350517273,0.49782847789799956,0.7152987966483587,1.1364220858837624,657,141,0.7209147,0.81288135,0.9585966,0.63437235,0.71529883,0.84352165
post_eol_75_split,CS2_35,foundation_model,capacity_ah,TimesFM_2p5_200M,806,0.5608864302227627,0.8131405115127563,0.8131405115127563,0.4935546723263282,0.7155268465945034,1.1364220858837624,657,142,0.722796,0.8131405,0.9579606,0.6360278,0.7155269,0.842962
post_eol_75_split,CS2_35,foundation_model,capacity_ah,TimesFM_2p5_200M,807,0.5586818935386901,0.8121992349624634,0.8121992349624634,0.4916147798238359,0.714698565833345,1.1364220858837624,657,143,0.7196212,0.81219923,0.95743287,0.6332341,0.7146986,0.84249765
post_eol_75_split,CS2_35,foundation_model,capacity_ah,TimesFM_2p5_200M,808,0.5550980854015375,0.8117976188659668,0.8117976188659668,0.48846119086981127,0.7143451618459663,1.1364220858837624,657,144,0.71836776,0.8117976,0.958139,0.63213116,0.7143452,0.84311897
post_eol_75_split,CS2_35,foundation_model,capacity_ah,TimesFM_2p5_200M,809,0.5572309554082819,0.8119001388549805,0.8119001388549805,0.4903380199399589,0.714435374796143,1.1364220858837624,657,145,0.7167299,0.81190014,0.9615284,0.63068986,0.7144354,0.8461015
post_eol_75_split,CS2_35,foundation_model,capacity_ah,TimesFM_2p5_200M,810,0.554962389532248,0.8112331628799438,0.8112331628799438,0.4883417846465645,0.7138484661260973,1.1364220858837624,657,146,0.7143348,0.81123316,0.96029806,0.6285823,0.7138485,0.84501886
post_eol_75_split,CS2_35,foundation_model,capacity_ah,TimesFM_2p5_200M,811,0.5489116259425986,0.8117029070854187,0.8117029070854187,0.4830173865511651,0.714261819765832,1.1364220858837624,657,147,0.71690845,0.8117029,0.9570137,0.63084704,0.71426183,0.8421288
post_eol_75_split,CS2_35,foundation_model,capacity_ah,TimesFM_2p5_200M,812,0.5513171519030413,0.8110113739967346,0.8110113739967346,0.48513414051989145,0.7136533019472555,1.1364220858837624,657,148,0.7141157,0.8110114,0.95977044,0.6283895,0.7136533,0.8445546
post_eol_75_split,CS2_35,foundation_model,capacity_ah,TimesFM_2p5_200M,813,0.5503605837698364,0.8113795518875122,0.8113795518875122,0.48429240385788264,0.7139772818270476,1.1364220858837624,657,149,0.7140902,0.81137955,0.9584267,0.6283671,0.71397734,0.84337217
post_eol_75_split,CS2_35,foundation_model,capacity_ah,TimesFM_2p5_200M,814,0.537520763219244,0.8109212517738342,0.8109212517738342,0.4729939429162271,0.7135739984701234,1.1364220858837624,657,150,0.71457756,0.81092125,0.95931035,0.6287959,0.71357405,0.8441497
post_eol_75_split,CS2_35,foundation_model,capacity_ah,TimesFM_2p5_200M,815,0.5341464393921083,0.8108645677566528,0.8108645677566528,0.4700246906735521,0.7135241191005779,1.1364220858837624,657,151,0.7133257,0.81086457,0.96206653,0.6276943,0.71352416,0.846575
post_eol_75_split,CS2_35,foundation_model,capacity_ah,TimesFM_2p5_200M,816,0.5341484134489036,0.8105818033218384,0.8105818033218384,0.4700264277541843,0.7132752991961367,1.1364220858837624,657,152,0.71482885,0.8105818,0.96134233,0.62901706,0.7132753,0.8459378
post_eol_75_split,CS2_35,foundation_model,capacity_ah,TimesFM_2p5_200M,817,0.5395268508712281,0.8104820847511292,0.8104820847511292,0.4747592092524793,0.7131875513672729,1.1364220858837624,657,153,0.7112274,0.8104821,0.96098876,0.62584794,0.7131876,0.84562665
post_eol_75_split,CS2_35,foundation_model,capacity_ah,TimesFM_2p5_200M,818,0.5411774630904151,0.8104845881462097,0.8104845881462097,0.4762116732970366,0.7131897542416377,1.1364220858837624,657,154,0.71217036,0.8104846,0.964015,0.6266777,0.7131898,0.8482896
post_eol_75_split,CS2_35,foundation_model,capacity_ah,TimesFM_2p5_200M,819,0.5408526873383899,0.8105161786079407,0.8105161786079407,0.4759258853349233,0.7132175524181457,1.1364220858837624,657,155,0.71363306,0.8105162,0.9641609,0.6279648,0.71321756,0.848418
post_eol_75_split,CS2_35,foundation_model,capacity_ah,TimesFM_2p5_200M,820,0.5411667755300762,0.8106228113174438,0.8106228113174438,0.4762022687276678,0.7133113843762074,1.1364220858837624,657,156,0.7166355,0.8106228,0.9639151,0.63060683,0.71331143,0.8482017
post_eol_75_split,CS2_35,foundation_model,capacity_ah,TimesFM_2p5_200M,821,0.5471614982829465,0.810428261756897,0.810428261756897,0.4814773534231649,0.7131401895684301,1.1364220858837624,657,157,0.7133078,0.81042826,0.96552414,0.62767863,0.71314025,0.8496176
post_eol_75_split,CS2_35,foundation_model,capacity_ah,TimesFM_2p5_200M,822,0.5435079047363551,0.8099702596664429,0.8099702596664429,0.47826235646739024,0.712737168458454,1.1364220858837624,657,158,0.7141134,0.80997026,0.9637557,0.6283875,0.7127372,0.84806144
post_eol_75_split,CS2_35,foundation_model,capacity_ah,TimesFM_2p5_200M,823,0.538382514880448,0.8094936609268188,0.8094936609268188,0.47375224537436156,0.7123177831389111,1.1364220858837624,657,159,0.7103554,0.80949366,0.9660029,0.62508065,0.7123178,0.8500388
post_eol_75_split,CS2_35,foundation_model,capacity_ah,TimesFM_2p5_200M,824,0.5333675849982118,0.8093935251235962,0.8093935251235962,0.46933933405863665,0.7122296681643198,1.1364220858837624,657,160,0.7095769,0.8093935,0.964866,0.6243956,0.71222967,0.8490384
post_eol_75_split,CS2_35,foundation_model,capacity_ah,TimesFM_2p5_200M,825,0.530995064597251,0.8095775842666626,0.8095775842666626,0.4672516234883904,0.7123916318795209,1.1364220858837624,657,161,0.7088636,0.8095776,0.9666581,0.6237679,0.7123917,0.85061544
post_eol_75_split,CS2_35,foundation_model,capacity_ah,TimesFM_2p5_200M,826,0.5277774492967602,0.8089768886566162,0.8089768886566162,0.4644202676563814,0.7118630469307523,1.1364220858837624,657,162,0.706461,0.8089769,0.9661007,0.62165374,0.7118631,0.8501249
post_eol_75_split,CS2_35,foundation_model,capacity_ah,TimesFM_2p5_200M,827,0.520675965603905,0.8082526922225952,0.8082526922225952,0.45817128342678287,0.7112257868466545,1.1364220858837624,657,163,0.7088016,0.8082527,0.9657463,0.6237134,0.7112258,0.84981304
post_eol_75_split,CS2_35,foundation_model,capacity_ah,TimesFM_2p5_200M,828,0.5109830218519917,0.8089133501052856,0.8089133501052856,0.4496419316372359,0.7118071358813985,1.1364220858837624,657,164,0.70808244,0.80891335,0.96655583,0.62308055,0.7118072,0.85052544
post_eol_75_split,CS2_35,foundation_model,capacity_ah,TimesFM_2p5_200M,829,0.5070853145592462,0.8089344501495361,0.8089344501495361,0.4462121256336731,0.7118257029653303,1.1364220858837624,657,165,0.7104514,0.80893445,0.96558106,0.6251651,0.7118257,0.84966767
post_eol_75_split,CS2_35,foundation_model,capacity_ah,TimesFM_2p5_200M,830,0.5071775927247621,0.8091398477554321,0.8091398477554321,0.4462933262427269,0.7120064435620218,1.1364220858837624,657,166,0.70793587,0.80913985,0.96767205,0.62295157,0.71200645,0.85150766
post_eol_75_split,CS2_35,foundation_model,capacity_ah,TimesFM_2p5_200M,831,0.5047370444106924,0.8081480860710144,0.8081480860710144,0.4441457541879549,0.7111337381678403,1.1364220858837624,657,167,0.70305127,0.8081481,0.96944785,0.6186533,0.7111338,0.85307026
post_eol_75_split,CS2_35,foundation_model,capacity_ah,TimesFM_2p5_200M,832,0.4996585495757273,0.8075741529464722,0.8075741529464722,0.4396769085908405,0.710628702995019,1.1364220858837624,657,168,0.70318377,0.80757415,0.9685413,0.61876994,0.71062875,0.85227257
post_eol_75_split,CS2_35,foundation_model,capacity_ah,TimesFM_2p5_200M,833,0.49823827996716474,0.8081835508346558,0.8081835508346558,0.4384271356181003,0.7111649455546747,1.1364220858837624,657,169,0.7061391,0.80818355,0.96987784,0.62137043,0.71116495,0.8534486
post_eol_75_split,CS2_35,foundation_model,capacity_ah,TimesFM_2p5_200M,834,0.4935528064207908,0.8079111576080322,0.8079111576080322,0.4343041309664174,0.7109252518440305,1.1364220858837624,657,170,0.70533276,0.80791116,0.9689798,0.6206609,0.7109253,0.8526584
post_eol_75_split,CS2_35,foundation_model,capacity_ah,TimesFM_2p5_200M,835,0.4905618939925489,0.8086589574813843,0.8086589574813843,0.43167226340119325,0.711583281886425,1.1364220858837624,657,171,0.7004511,0.80865896,0.9728763,0.61636525,0.7115833,0.85608715
post_eol_75_split,CS2_35,foundation_model,capacity_ah,TimesFM_2p5_200M,837,0.500405708768566,0.8081167340278625,0.8081167340278625,0.44033437486338106,0.7111061497888909,1.1364220858837624,657,172,0.7004038,0.80811673,0.9725714,0.61632365,0.7111062,0.8558188
post_eol_75_split,CS2_35,foundation_model,capacity_ah,TimesFM_2p5_200M,838,0.4747570591164759,0.8070492744445801,0.8070492744445801,0.4177647240525699,0.7101668336698695,1.1364220858837624,657,173,0.7001687,0.8070493,0.9725473,0.6161168,0.7101669,0.85579765
post_eol_75_split,CS2_35,foundation_model,capacity_ah,TimesFM_2p5_200M,839,0.4645088512759551,0.8080726265907288,0.8080726265907288,0.4087467649968454,0.711067337240559,1.1364220858837624,657,174,0.6993386,0.8080726,0.9724983,0.61538637,0.7110674,0.8557545
post_eol_75_split,CS2_35,foundation_model,capacity_ah,TimesFM_2p5_200M,840,0.46023829811095496,0.807794988155365,0.807794988155365,0.4049888715010682,0.7108230279836266,1.1364220858837624,657,175,0.6996807,0.807795,0.9743459,0.6156874,0.71082306,0.85738033
post_eol_75_split,CS2_35,foundation_model,capacity_ah,TimesFM_2p5_200M,841,0.44258942295798076,0.8068835735321045,0.8068835735321045,0.3894586601718426,0.7100210243666768,1.1364220858837624,657,176,0.69902545,0.8068836,0.9744586,0.6151108,0.7100211,0.85747945
post_eol_75_split,CS2_35,foundation_model,capacity_ah,TimesFM_2p5_200M,842,0.43239366843485927,0.8070933222770691,0.8070933222770691,0.38048685766134094,0.7102055937688118,1.1364220858837624,657,177,0.697834,0.8070933,0.9747882,0.61406237,0.7102056,0.85776955
post_eol_75_split,CS2_35,foundation_model,capacity_ah,TimesFM_2p5_200M,843,0.42465035569675313,0.8071507215499878,0.8071507215499878,0.37367309292173334,0.7102561025310329,1.1364220858837624,657,178,0.6981615,0.8071507,0.9767337,0.61435056,0.71025616,0.85948145
post_eol_75_split,CS2_35,foundation_model,capacity_ah,TimesFM_2p5_200M,844,0.41825514462920266,0.8068295121192932,0.8068295121192932,0.36804559663581143,0.7099734527702753,1.1364220858837624,657,179,0.7007544,0.8068295,0.97569084,0.61663216,0.70997345,0.85856384
post_eol_75_split,CS2_35,foundation_model,capacity_ah,TimesFM_2p5_200M,845,0.41275090210049736,0.8065682649612427,0.8065682649612427,0.3632021123379638,0.7097435670954935,1.1364220858837624,657,180,0.69944054,0.80656826,0.97389543,0.6154761,0.7097436,0.85698396
post_eol_75_split,CS2_35,foundation_model,capacity_ah,TimesFM_2p5_200M,846,0.407359396840298,0.8069463968276978,0.8069463968276978,0.358457831733802,0.7100763060233549,1.1364220858837624,657,181,0.698491,0.8069464,0.97853947,0.6146405,0.71007633,0.86107045
post_eol_75_split,CS2_35,foundation_model,capacity_ah,TimesFM_2p5_200M,847,0.39831619845256494,0.8061683177947998,0.8061683177947998,0.35050022645662154,0.7093916316910245,1.1364220858837624,657,182,0.69959563,0.8061683,0.9760604,0.6156125,0.70939165,0.858889
post_eol_75_split,CS2_35,foundation_model,capacity_ah,TimesFM_2p5_200M,848,0.39737136568091547,0.8060091733932495,0.8060091733932495,0.34966881638162756,0.7092515918206919,1.1364220858837624,657,183,0.7012341,0.8060092,0.97619194,0.6170543,0.70925164,0.85900474
post_eol_75_split,CS2_35,foundation_model,capacity_ah,TimesFM_2p5_200M,849,0.39752645383980845,0.8060616850852966,0.8060616850852966,0.34980528694201124,0.7092977997329627,1.1364220858837624,657,184,0.6987119,0.8060617,0.9772005,0.61483485,0.70929784,0.85989225
post_eol_75_split,CS2_35,foundation_model,capacity_ah,TimesFM_2p5_200M,850,0.40236596775794453,0.8061978816986084,0.8061978816986084,0.3540638401488266,0.7094176465882849,1.1364220858837624,657,185,0.69642204,0.8061979,0.97761494,0.6128199,0.7094177,0.8602569
post_eol_75_split,CS2_35,foundation_model,capacity_ah,TimesFM_2p5_200M,851,0.401335942546555,0.8055373430252075,0.8055373430252075,0.3531574645827547,0.7088364024523199,1.1364220858837624,657,186,0.690956,0.80553734,0.980975,0.60801005,0.70883644,0.8632136
post_eol_75_split,CS2_35,foundation_model,capacity_ah,TimesFM_2p5_200M,852,0.3979217303425173,0.8052077293395996,0.8052077293395996,0.35015311237379304,0.7085463573276236,1.1364220858837624,657,187,0.6951777,0.8052077,0.97871035,0.6117249,0.7085464,0.86122084
post_eol_75_split,CS2_35,foundation_model,capacity_ah,TimesFM_2p5_200M,853,0.3950819392135463,0.8049491047859192,0.8049491047859192,0.34765422471202906,0.7083187794259856,1.1364220858837624,657,188,0.69469535,0.8049491,0.977358,0.61130047,0.7083188,0.86003083
post_eol_75_split,CS2_35,foundation_model,capacity_ah,TimesFM_2p5_200M,854,0.38700816487566314,0.8056435585021973,0.8056435585021973,0.3405496687216336,0.7089298672646543,1.1364220858837624,657,189,0.69210804,0.80564356,0.9817997,0.60902375,0.7089299,0.86393934
post_eol_75_split,CS2_35,foundation_model,capacity_ah,TimesFM_2p5_200M,855,0.37947081499051905,0.8047932982444763,0.8047932982444763,0.33391714197055195,0.7081816767214727,1.1364220858837624,657,190,0.6909001,0.8047933,0.9808254,0.6079608,0.7081817,0.863082
post_eol_75_split,CS2_35,foundation_model,capacity_ah,TimesFM_2p5_200M,856,0.37381876196506525,0.8047417998313904,0.8047417998313904,0.32894359112561355,0.7081363604488258,1.1364220858837624,657,191,0.6923149,0.8047418,0.9795468,0.60920584,0.7081364,0.8619569
post_eol_75_split,CS2_35,foundation_model,capacity_ah,TimesFM_2p5_200M,858,0.36857351635703317,0.8039171099662781,0.8039171099662781,0.3243280123955038,0.7074106706937987,1.1364220858837624,657,192,0.69050527,0.8039171,0.9801215,0.6076134,0.7074107,0.8624626
post_eol_75_split,CS2_35,foundation_model,capacity_ah,TimesFM_2p5_200M,859,0.3651411642871132,0.8048081398010254,0.8048081398010254,0.3213076979255938,0.7081947366194925,1.1364220858837624,657,193,0.6889056,0.80480814,0.9844772,0.60620576,0.7081948,0.86629546
post_eol_75_split,CS2_35,foundation_model,capacity_ah,TimesFM_2p5_200M,860,0.36057959858331223,0.8041643500328064,0.8041643500328064,0.31729372656718474,0.7076282307620159,1.1364220858837624,657,194,0.68738616,0.80416435,0.98515236,0.6048687,0.70762825,0.86688954
post_eol_75_split,CS2_35,foundation_model,capacity_ah,TimesFM_2p5_200M,863,0.35334479284930964,0.8040110468864441,0.8040110468864441,0.3109274249756627,0.7074933309318677,1.1364220858837624,657,195,0.68625414,0.80401105,0.9844912,0.6038726,0.70749336,0.86630774
post_eol_75_split,CS2_35,foundation_model,capacity_ah,TimesFM_2p5_200M,864,0.35057779498084507,0.8046221733093262,0.8046221733093262,0.3084925920884501,0.708031094523823,1.1364220858837624,657,196,0.68638444,0.8046222,0.98208666,0.6039873,0.7080311,0.86419183
post_eol_75_split,CS2_35,foundation_model,capacity_ah,TimesFM_2p5_200M,865,0.3543346678999644,0.8044159412384033,0.8044159412384033,0.31179847021752366,0.7078496196356765,1.1364220858837624,657,197,0.68850356,0.80441594,0.97904503,0.605852,0.7078496,0.86151534
post_eol_75_split,CS2_35,foundation_model,capacity_ah,TimesFM_2p5_200M,866,0.35682752196158063,0.8033583164215088,0.8033583164215088,0.31399206896272724,0.7069189576659454,1.1364220858837624,657,198,0.682742,0.8033583,0.9817497,0.6007821,0.706919,0.86389536
post_eol_75_split,CS2_35,foundation_model,capacity_ah,TimesFM_2p5_200M,868,0.3617227645791825,0.8038579821586609,0.8038579821586609,0.3182996609027369,0.7073586408992781,1.1364220858837624,657,199,0.6834527,0.803858,0.98401636,0.60140747,0.70735866,0.8658899
post_eol_75_split,CS2_35,foundation_model,capacity_ah,TimesFM_2p5_200M,869,0.36164814569675485,0.8032070398330688,0.8032070398330688,0.31823399966352434,0.7067858411150449,1.1364220858837624,657,200,0.6839058,0.80320704,0.9843342,0.60180616,0.70678586,0.8661696
post_eol_75_split,CS2_35,foundation_model,capacity_ah,TimesFM_2p5_200M,870,0.35811966755832003,0.8033186197280884,0.8033186197280884,0.3151290986040814,0.7068840263724467,1.1364220858837624,657,201,0.68566895,0.8033186,0.9836993,0.6033577,0.706884,0.8656109
post_eol_75_split,CS2_35,foundation_model,capacity_ah,TimesFM_2p5_200M,871,0.3474638301052053,0.802721381187439,0.802721381187439,0.30575244393899015,0.7063584834882771,1.1364220858837624,657,202,0.68498677,0.8027214,0.98256695,0.6027574,0.7063585,0.8646145
post_eol_75_split,CS2_35,foundation_model,capacity_ah,TimesFM_2p5_200M,872,0.33572159733021323,0.8029035925865173,0.8029035925865173,0.29541981056196415,0.7065188212723995,1.1364220858837624,657,203,0.6832627,0.8029036,0.98608863,0.6012403,0.7065188,0.8677134
post_eol_75_split,CS2_35,foundation_model,capacity_ah,TimesFM_2p5_200M,873,0.332357234417751,0.8029884696006775,0.8029884696006775,0.2924593234733611,0.7065935092032436,1.1364220858837624,657,204,0.6840221,0.80298847,0.98819125,0.60190856,0.7065935,0.8695636
post_eol_75_split,CS2_35,foundation_model,capacity_ah,TimesFM_2p5_200M,874,0.3285656937600532,0.8028326034545898,0.8028326034545898,0.28912293930343425,0.706456354049341,1.1364220858837624,657,205,0.683839,0.8028326,0.98878264,0.6017474,0.70645636,0.870084
post_eol_75_split,CS2_35,foundation_model,capacity_ah,TimesFM_2p5_200M,875,0.3252321748230411,0.8030603528022766,0.8030603528022766,0.2861895935171988,0.7066567631671467,1.1364220858837624,657,206,0.6840006,0.80306035,0.98719156,0.6018896,0.7066568,0.86868393
post_eol_75_split,CS2_35,foundation_model,capacity_ah,TimesFM_2p5_200M,876,0.32270675931171233,0.8030384182929993,0.8030384182929993,0.2839673421700113,0.7066374617917599,1.1364220858837624,657,207,0.6809365,0.8030384,0.988681,0.59919333,0.7066375,0.8699946
post_eol_75_split,CS2_35,foundation_model,capacity_ah,TimesFM_2p5_200M,877,0.31995455344088874,0.8026500344276428,0.8026500344276428,0.2815455255712224,0.7062957015688808,1.1364220858837624,657,208,0.67976826,0.80265003,0.9882102,0.59816533,0.7062957,0.86958027
post_eol_75_split,CS2_35,foundation_model,capacity_ah,TimesFM_2p5_200M,878,0.3165602726007002,0.8029123544692993,0.8029123544692993,0.27855871206033495,0.7065265313326763,1.1364220858837624,657,209,0.67927575,0.80291235,0.9893966,0.59773195,0.7065266,0.87062424
post_eol_75_split,CS2_35,foundation_model,capacity_ah,TimesFM_2p5_200M,879,0.31344845535981847,0.8028460144996643,0.8028460144996643,0.27582045373225805,0.7064681551620094,1.1364220858837624,657,210,0.6778665,0.802846,0.99099255,0.5964919,0.70646816,0.87202865
post_eol_75_split,CS2_35,foundation_model,capacity_ah,TimesFM_2p5_200M,880,0.31473213568268044,0.8025894165039062,0.8025894165039062,0.2769500343157467,0.7062423605396192,1.1364220858837624,657,211,0.67844176,0.8025894,0.99228454,0.5969981,0.7062424,0.8731655
post_eol_75_split,CS2_35,foundation_model,capacity_ah,TimesFM_2p5_200M,881,0.3163159245172551,0.8022595047950745,0.8022595047950745,0.2783436968063371,0.7059520531679746,1.1364220858837624,657,212,0.68057275,0.8022595,0.9875019,0.59887326,0.7059521,0.86895704
post_eol_75_split,CS2_35,foundation_model,capacity_ah,TimesFM_2p5_200M,882,0.3168863749724373,0.8022851943969727,0.8022851943969727,0.2788456673877506,0.7059746588549085,1.1364220858837624,657,213,0.67877454,0.8022852,0.99114597,0.5972909,0.7059747,0.87216365
post_eol_75_split,CS2_35,foundation_model,capacity_ah,TimesFM_2p5_200M,883,0.3137446182607242,0.8020765781402588,0.8020765781402588,0.27608106368043184,0.7057910859911766,1.1364220858837624,657,214,0.6762428,0.8020766,0.9912157,0.5950631,0.7057911,0.872225
post_eol_75_split,CS2_35,foundation_model,capacity_ah,TimesFM_2p5_200M,884,0.3085146244640846,0.8026434183120728,0.8026434183120728,0.27147890585403556,0.706289879686631,1.1364220858837624,657,215,0.67813957,0.8026434,0.99497175,0.59673214,0.7062899,0.8755301
post_eol_75_split,CS2_35,foundation_model,capacity_ah,TimesFM_2p5_200M,885,0.3099652758295228,0.8020458221435547,0.8020458221435547,0.2727554133977182,0.7057640221061235,1.1364220858837624,657,216,0.673389,0.8020458,0.9921117,0.5925519,0.70576406,0.87301344
post_eol_75_split,CS2_35,foundation_model,capacity_ah,TimesFM_2p5_200M,886,0.3036431296940698,0.8026556968688965,0.8026556968688965,0.26719221094505163,0.7063006842608963,1.1364220858837624,657,217,0.6755686,0.8026557,0.9946524,0.5944698,0.70630074,0.87524915
